id,title,creationDate
274877906945,Wall of Jose Alonso,1284620050602
343597383682,Album 0 of Jose Alonso,1289431113300
343597383683,Album 1 of Jose Alonso,1290664722756
343597383684,Album 2 of Jose Alonso,1289572587636
137438953478,Wall of Chong Zhang,1276431282690
206158430215,Wall of Cam Loan,1279541170679
68719476744,Wall of David Alonso,1269456942806
206158430217,Album 0 of David Alonso,1281920249301
68719476746,Album 1 of David Alonso,1271156200192
137438953483,Album 2 of David Alonso,1272744086462
137438953484,Album 3 of David Alonso,1276887924237
68719476749,Album 4 of David Alonso,1271746850392
206158430222,Album 5 of David Alonso,1280366333675
274877906959,Album 6 of David Alonso,1285916014805
274877906960,Album 7 of David Alonso,1287222865127
206158430225,Album 8 of David Alonso,1279133422641
68719476754,Wall of Alexei Feltsman,1267804279862
274877906963,Album 0 of Alexei Feltsman,1284398509299
343597383700,Album 1 of Alexei Feltsman,1290158075987
343597383701,Album 2 of Alexei Feltsman,1287637809313
206158430230,Album 3 of Alexei Feltsman,1280635813620
206158430233,Album 6 of Alexei Feltsman,1281364978881
206158430234,Album 7 of Alexei Feltsman,1277726632639
68719476763,Album 8 of Alexei Feltsman,1271267186433
137438953500,Album 9 of Alexei Feltsman,1274827610317
137438953501,Wall of Yahya Ould Ahmed El Abdallahi,1273002875021
137438953502,Album 0 of Yahya Ould Ahmed El Abdallahi,1276372098981
274877906975,Album 1 of Yahya Ould Ahmed El Abdallahi,1284182125299
137438953504,Album 2 of Yahya Ould Ahmed El Abdallahi,1276429088413
274877906977,Album 3 of Yahya Ould Ahmed El Abdallahi,1286785272036
206158430242,Album 4 of Yahya Ould Ahmed El Abdallahi,1279767934964
137438953507,Album 5 of Yahya Ould Ahmed El Abdallahi,1276379504959
137438953508,Album 6 of Yahya Ould Ahmed El Abdallahi,1274044750010
343597383717,Album 7 of Yahya Ould Ahmed El Abdallahi,1288381590220
343597383718,Wall of Anatoly Shevchenko,1288319881905
343597383721,Wall of Giovanni Bianchi,1288728048487
42,Wall of Marc Ravalomanana,1263943259124
343597383723,Album 0 of Marc Ravalomanana,1289979614157
68719476780,Album 1 of Marc Ravalomanana,1272223537971
274877906989,Album 2 of Marc Ravalomanana,1284183477114
274877906990,Album 3 of Marc Ravalomanana,1285705796058
343597383727,Album 4 of Marc Ravalomanana,1288762938240
137438953520,Album 5 of Marc Ravalomanana,1273633438029
206158430257,Album 6 of Marc Ravalomanana,1279769982138
206158430258,Album 7 of Marc Ravalomanana,1282352926755
51,Album 8 of Marc Ravalomanana,1265070882721
274877906996,Album 9 of Marc Ravalomanana,1285476052005
206158430261,Album 10 of Marc Ravalomanana,1280947195290
274877906998,Wall of R. Rao,1286292202846
68719476792,Wall of Alexei Codreanu,1271023176600
137438953529,Wall of John Khan,1277454230174
137438953530,Wall of Li Zhang,1276789589628
60,Wall of Amit Rao,1265387442056
206158430269,Wall of Abay Ibrahim Kanapyanov,1281141429474
137438953535,Wall of Otto Muller,1272538042453
206158430272,Album 0 of Otto Muller,1278803769778
206158430273,Album 1 of Otto Muller,1281657528467
137438953538,Album 2 of Otto Muller,1277077309238
274877907011,Album 3 of Otto Muller,1286825137218
343597383748,Album 4 of Otto Muller,1289765487400
206158430277,Album 5 of Otto Muller,1282057913695
137438953543,Album 7 of Otto Muller,1274701581404
137438953545,Wall of Gabriela Rodriguez,1275198069791
343597383754,Album 0 of Gabriela Rodriguez,1287632653668
137438953547,Album 1 of Gabriela Rodriguez,1275928105852
274877907021,Album 3 of Gabriela Rodriguez,1282625918398
274877907023,Album 5 of Gabriela Rodriguez,1284236938182
274877907024,Album 6 of Gabriela Rodriguez,1287231964175
137438953553,Wall of Chen Yang,1273620212749
206158430290,Wall of Aleksandr Akhmadiyeva,1277652108711
206158430291,Wall of Alexander Eduard,1279713538949
274877907028,Album 0 of Alexander Eduard,1287501721846
343597383765,Album 1 of Alexander Eduard,1288624342459
274877907030,Album 2 of Alexander Eduard,1285030070505
206158430295,Album 3 of Alexander Eduard,1280729120234
206158430296,Album 4 of Alexander Eduard,1281142313550
206158430297,Wall of Anucha Aguilar,1281054483715
274877907035,Album 1 of Anucha Aguilar,1286440500974
343597383772,Album 2 of Anucha Aguilar,1288936750351
94,Wall of Alec Lin,1266511458699
68719476831,Wall of Abby Hassan,1270355863508
274877907040,Group for Richard_Wagner in Terengganu,1287021251898
206158430305,Album 0 of Abby Hassan,1279586961230
206158430306,Album 1 of Abby Hassan,1277977505729
137438953571,Album 2 of Abby Hassan,1273342951261
274877907044,Album 3 of Abby Hassan,1287302728499
206158430310,Album 5 of Abby Hassan,1279570806729
68719476839,Album 6 of Abby Hassan,1271435996157
137438953576,Album 7 of Abby Hassan,1273066355270
137438953577,Album 8 of Abby Hassan,1275049912309
137438953578,Wall of Evangelos Alkaios,1276062810823
137438953579,Wall of Georgios Angello,1273287047468
206158430316,Wall of Ge Chen,1277977433072
206158430318,Album 1 of Ge Chen,1280069482344
343597383791,Album 2 of Ge Chen,1290427301866
274877907056,Album 3 of Ge Chen,1286609472938
206158430322,Album 5 of Ge Chen,1279500926990
274877907059,Wall of Otto Richter,1282699141149
274877907060,Album 0 of Otto Richter,1284365790005
274877907061,Album 1 of Otto Richter,1286179709844
274877907062,Album 2 of Otto Richter,1286732945533
343597383799,Album 3 of Otto Richter,1289611663270
274877907064,Wall of Pablo Bernal,1283658913118
274877907067,Album 2 of Pablo Bernal,1285513710895
68719476862,Wall of Don Ho,1270559361208
68719476863,Wall of Ganesh Bombo,1270217515267
137438953600,Wall of Adriaen Jong,1273772727711
68719476865,Wall of Paul Becker,1272318563313
68719476866,Wall of Masahiro Sato,1268127935503
274877907075,Wall of Zsolt Kiss,1285502184442
343597383812,Album 0 of Zsolt Kiss,1289183974292
343597383813,Album 1 of Zsolt Kiss,1289711686545
274877907078,Album 2 of Zsolt Kiss,1285516479355
135,Wall of Ruby Thapa,1264973548546
136,Album 0 of Ruby Thapa,1265092300440
206158430345,Album 1 of Ruby Thapa,1277992216928
274877907082,Album 2 of Ruby Thapa,1285389281467
343597383820,Album 4 of Ruby Thapa,1289527714761
68719476877,Album 5 of Ruby Thapa,1268902270343
206158430350,Album 6 of Ruby Thapa,1279754018015
137438953615,Album 7 of Ruby Thapa,1272909995921
68719476880,Album 8 of Ruby Thapa,1271333406958
68719476881,Album 9 of Ruby Thapa,1270756900400
274877907090,Album 10 of Ruby Thapa,1285257377547
147,Wall of David Wilson,1266181631106
206158430356,Album 0 of David Wilson,1278434336803
206158430357,Album 1 of David Wilson,1277896109679
206158430358,Album 2 of David Wilson,1281825171247
137438953623,Album 3 of David Wilson,1276277874273
68719476888,Album 4 of David Wilson,1271918280347
343597383833,Album 5 of David Wilson,1290094774548
274877907098,Album 6 of David Wilson,1285926373142
155,Album 7 of David Wilson,1267189466168
274877907100,Album 8 of David Wilson,1282991541022
274877907101,Album 9 of David Wilson,1284687453444
274877907102,Wall of Hossein Forouhar,1283108310222
274877907104,Album 1 of Hossein Forouhar,1286429572796
274877907105,Album 2 of Hossein Forouhar,1284173006549
274877907106,Album 3 of Hossein Forouhar,1285939527471
343597383843,Wall of Roberto Diaz,1289593519287
167,Wall of Adje van den Berg Vries,1267021728717
206158430376,Album 0 of Adje van den Berg Vries,1278958596652
68719476905,Album 1 of Adje van den Berg Vries,1270993623047
274877907114,Album 2 of Adje van den Berg Vries,1283508802303
274877907115,Album 3 of Adje van den Berg Vries,1287519543528
68719476908,Album 4 of Adje van den Berg Vries,1271556271199
68719476909,Album 5 of Adje van den Berg Vries,1271491164450
68719476910,Album 6 of Adje van den Berg Vries,1268811091546
206158430383,Album 7 of Adje van den Berg Vries,1280557677756
137438953648,Album 8 of Adje van den Berg Vries,1275219048827
206158430385,Album 9 of Adje van den Berg Vries,1282379463809
178,Wall of Hao Li,1265675653632
68719476915,Album 0 of Hao Li,1268621760887
68719476916,Album 1 of Hao Li,1269141534722
206158430389,Album 2 of Hao Li,1278248341320
274877907126,Album 3 of Hao Li,1284339152904
274877907127,Album 4 of Hao Li,1284319286504
137438953656,Album 5 of Hao Li,1273295666664
68719476921,Album 6 of Hao Li,1270497426284
343597383866,Album 7 of Hao Li,1289300304655
206158430395,Album 8 of Hao Li,1279245546998
137438953660,Album 9 of Hao Li,1274849531559
206158430397,Wall of Sofiane Ferrer,1282425986792
68719476926,Wall of Anna Kofler,1269476119129
274877907135,Album 0 of Anna Kofler,1283758100610
206158430402,Album 3 of Anna Kofler,1281112132702
137438953667,Album 4 of Anna Kofler,1275248555743
206158430404,Album 5 of Anna Kofler,1279703010200
206158430406,Album 7 of Anna Kofler,1279374365958
274877907143,Album 8 of Anna Kofler,1286279811516
206158430408,Wall of Kiyoshi Nakamura,1278251532120
201,Wall of Philibert Roindefo,1263725050059
68719476938,Wall of Aurora Cruz,1271017228227
137438953675,Group for Donovan in Tagbilaran,1274849537475
274877907148,Group for De_La_Soul_Is_Dead in Tagbilaran,1284649969394
274877907149,Album 0 of Aurora Cruz,1282804249219
137438953678,Album 1 of Aurora Cruz,1276274297999
137438953679,Album 2 of Aurora Cruz,1276553280898
206158430416,Album 3 of Aurora Cruz,1281755558528
206158430417,Album 4 of Aurora Cruz,1278444175038
274877907154,Album 5 of Aurora Cruz,1286564647418
343597383891,Album 6 of Aurora Cruz,1288453273991
206158430420,Album 7 of Aurora Cruz,1277597388173
206158430421,Wall of Luigi Colombo,1278540605155
137438953686,Wall of Jose Gonzalez,1275714279711
206158430423,Wall of Bichang Li,1279728115679
274877907160,Wall of Cam Ho,1284165240485
217,Wall of Baby Yang,1265265678221
206158430426,Album 0 of Baby Yang,1279533660256
206158430427,Album 1 of Baby Yang,1281761083512
274877907164,Album 2 of Baby Yang,1282630665583
137438953693,Album 3 of Baby Yang,1276381166197
137438953694,Album 4 of Baby Yang,1275513110749
206158430431,Album 5 of Baby Yang,1279678150731
68719476960,Album 6 of Baby Yang,1270991706160
206158430433,Album 7 of Baby Yang,1277633996381
206158430434,Album 8 of Baby Yang,1279532961745
274877907171,Album 9 of Baby Yang,1283476790059
206158430436,Album 10 of Baby Yang,1280916041137
206158430437,Wall of Deepak Khan,1280140733626
274877907174,Wall of Aleksandr Dobrunov,1283179538180
274877907175,Album 0 of Aleksandr Dobrunov,1286006676064
274877907176,Album 1 of Aleksandr Dobrunov,1286674259980
274877907177,Album 2 of Aleksandr Dobrunov,1284641481014
343597383914,Album 3 of Aleksandr Dobrunov,1289373916506
274877907179,Wall of Abdoulaye Khouma Dia,1283091535474
343597383916,Album 0 of Abdoulaye Khouma Dia,1289316024859
274877907181,Album 1 of Abdoulaye Khouma Dia,1287389594626
274877907183,Album 3 of Abdoulaye Khouma Dia,1286279153530
240,Wall of Burak Koksal,1262490240389
206158430449,Wall of Tamas Gabor,1277976536947
206158430450,Album 0 of Tamas Gabor,1278627036076
274877907187,Album 1 of Tamas Gabor,1287088501564
274877907188,Album 2 of Tamas Gabor,1284090582953
343597383925,Album 3 of Tamas Gabor,1288985410938
274877907190,Album 4 of Tamas Gabor,1287258158271
206158430455,Album 5 of Tamas Gabor,1280169067054
68719476986,Wall of Wei Wei,1269267741928
68719476987,Wall of Tom Cauvin,1269568112449
68719476988,Wall of Abdul Wahid Jahani,1268931211150
137438953725,Wall of Amy Chen,1276168025336
206158430462,Album 0 of Amy Chen,1281058762438
274877907200,Album 2 of Amy Chen,1284489951464
274877907201,Album 3 of Amy Chen,1285044333049
137438953731,Album 5 of Amy Chen,1276966639473
274877907204,Wall of Wojciech Ciesla,1283327574765
274877907205,Album 0 of Wojciech Ciesla,1285330288755
343597383943,Album 2 of Wojciech Ciesla,1287959643613
137438953737,Wall of Li Zhang,1273353178453
206158430474,Wall of Cengiz Yildiz,1282375572732
274877907211,Wall of Arjun Singh,1285435846121
137438953740,Wall of Tom Harris,1275598191279
137438953741,Album 0 of Tom Harris,1276996860810
206158430478,Album 1 of Tom Harris,1280638299734
137438953743,Album 2 of Tom Harris,1276341128653
274877907216,Album 3 of Tom Harris,1286376719106
274877907219,Album 6 of Tom Harris,1286851936849
274877907220,Wall of Albaye Papa Diouf,1286299694581
343597383957,Album 0 of Albaye Papa Diouf,1289857939858
137438953751,Wall of Li Zhang,1273541777744
274877907224,Wall of Abdullah Koksal,1282578466825
274877907225,Album 0 of Abdullah Koksal,1282591914540
343597383962,Album 1 of Abdullah Koksal,1290494980289
274877907227,Album 2 of Abdullah Koksal,1284450945654
343597383964,Album 3 of Abdullah Koksal,1289764042332
68719477021,Wall of Aleksandr Efimkin,1268955714770
274877907230,Wall of Angel Barre,1286338316183
343597383967,Album 0 of Angel Barre,1290535539562
343597383968,Album 1 of Angel Barre,1290039034638
137438953761,Wall of Eric Mettacara,1272458501109
137438953762,Album 0 of Eric Mettacara,1277050917757
274877907235,Album 1 of Eric Mettacara,1286039142962
137438953765,Album 3 of Eric Mettacara,1273093112129
274877907238,Album 4 of Eric Mettacara,1284796129178
137438953767,Album 5 of Eric Mettacara,1275992167559
274877907240,Album 6 of Eric Mettacara,1285672752121
274877907241,Album 7 of Eric Mettacara,1283287923706
137438953770,Wall of Rafael Fernández,1275959481971
206158430507,Wall of Gayatri Reddy,1281656685805
274877907244,Wall of Jie Yang,1287529578006
274877907247,Wall of Rene Arnaud,1285971468476
68719477040,Wall of Karl Fischer,1268423969007
68719477041,Wall of Joseph Sharma,1270395130569
343597383986,Album 0 of Joseph Sharma,1287806895718
206158430516,Album 2 of Joseph Sharma,1281871738635
206158430517,Album 3 of Joseph Sharma,1277845205169
137438953782,Album 4 of Joseph Sharma,1274701874428
274877907255,Album 5 of Joseph Sharma,1285991904472
274877907256,Album 6 of Joseph Sharma,1283479879513
206158430521,Album 7 of Joseph Sharma,1279747330957
137438953786,Album 8 of Joseph Sharma,1275635071027
137438953787,Wall of Jose Pereira,1273601025111
343597383996,Album 0 of Jose Pereira,1290479016880
206158430525,Album 1 of Jose Pereira,1278085716843
274877907262,Album 2 of Jose Pereira,1282677064080
206158430527,Album 3 of Jose Pereira,1278699585763
343597384000,Album 4 of Jose Pereira,1288165662570
343597384001,Album 5 of Jose Pereira,1288683950379
206158430530,Album 6 of Jose Pereira,1279039321687
206158430531,Wall of Bingbing Yang,1279832005398
343597384004,Album 0 of Bingbing Yang,1289185889317
343597384007,Album 3 of Bingbing Yang,1288772969674
206158430536,Album 4 of Bingbing Yang,1280595358481
274877907273,Wall of Bacary Diop,1282624066857
343597384010,Album 0 of Bacary Diop,1289317301197
343597384011,Album 1 of Bacary Diop,1288286945728
274877907276,Album 2 of Bacary Diop,1287257738210
343597384013,Album 3 of Bacary Diop,1288731591950
68719477074,Wall of Ken Yamada,1268715084078
137438953811,Wall of Arjun Kumar,1277316889013
68719477076,Wall of Vinod Sharma,1268349130204
137438953813,Album 0 of Vinod Sharma,1276463709792
343597384022,Album 1 of Vinod Sharma,1289931747283
137438953815,Album 2 of Vinod Sharma,1274892686783
68719477080,Album 3 of Vinod Sharma,1269266815962
68719477081,Album 4 of Vinod Sharma,1270280064616
274877907290,Album 5 of Vinod Sharma,1286268086098
68719477083,Album 6 of Vinod Sharma,1269724949064
206158430556,Album 7 of Vinod Sharma,1279217596522
206158430558,Wall of Jie Yang,1280509135052
351,Wall of K. Sen,1262470142860
137438953825,Album 1 of K. Sen,1276808300341
68719477090,Album 2 of K. Sen,1268941337708
68719477091,Album 3 of K. Sen,1269654010807
68719477092,Album 4 of K. Sen,1271321122080
68719477094,Album 6 of K. Sen,1267606960719
68719477095,Album 7 of K. Sen,1269425542075
343597384040,Album 8 of K. Sen,1288754970118
206158430569,Album 9 of K. Sen,1281386366698
343597384042,Album 10 of K. Sen,1289693367669
363,Album 11 of K. Sen,1266876453050
137438953836,Wall of Alim Guliyev,1277402701119
206158430573,Wall of Jan Zakrzewski,1278998523260
206158430574,Wall of Wei Chen,1279864768797
274877907312,Album 1 of Wei Chen,1286083659216
274877907313,Album 2 of Wei Chen,1286192311574
68719477109,Wall of Seung-Won Choi,1270491133492
68719477110,Album 0 of Seung-Won Choi,1271166593298
274877907319,Album 1 of Seung-Won Choi,1285802484489
274877907320,Album 2 of Seung-Won Choi,1285796508837
137438953849,Album 3 of Seung-Won Choi,1275781444010
206158430586,Album 4 of Seung-Won Choi,1279374522216
343597384060,Album 6 of Seung-Won Choi,1288054367913
274877907325,Album 7 of Seung-Won Choi,1284696309373
343597384062,Album 8 of Seung-Won Choi,1288860378356
274877907327,Wall of Sam Hsu,1283591627106
274877907330,Album 2 of Sam Hsu,1284867430355
343597384067,Wall of Ali Ferrer,1289275261834
206158430597,Wall of John Reddy,1279489340705
206158430598,Wall of Ahsan Baloch,1279904476657
274877907335,Wall of Abhishek Nair,1283976964320
274877907336,Album 0 of Abhishek Nair,1285694169489
274877907337,Album 1 of Abhishek Nair,1284482282928
343597384074,Album 2 of Abhishek Nair,1288619953088
397,Wall of Peng Liu,1264596736270
206158430606,Album 0 of Peng Liu,1282072885953
68719477135,Album 1 of Peng Liu,1271566032268
274877907344,Album 2 of Peng Liu,1285639222442
343597384081,Album 3 of Peng Liu,1289066894584
68719477138,Album 4 of Peng Liu,1270923993084
343597384083,Album 5 of Peng Liu,1289924109577
404,Album 6 of Peng Liu,1266712255293
274877907349,Album 7 of Peng Liu,1286503192990
68719477142,Album 8 of Peng Liu,1269520826909
137438953879,Album 9 of Peng Liu,1274042614386
343597384088,Album 10 of Peng Liu,1289813611754
137438953881,Wall of Ali Achiou,1275773285869
206158430618,Wall of Abhishek Singh,1278343651892
206158430619,Wall of Albert Mahmoud,1281199155908
274877907356,Album 0 of Albert Mahmoud,1285235278733
343597384094,Album 2 of Albert Mahmoud,1288849927700
343597384095,Album 3 of Albert Mahmoud,1287735705139
68719477152,Wall of Priyanka Singh,1272270500535
68719477153,Wall of Hao Wang,1270083685903
206158430626,Wall of Ali Abouba,1277984897191
206158430627,Album 0 of Ali Abouba,1281063243404
343597384100,Album 1 of Ali Abouba,1290016631612
274877907365,Album 2 of Ali Abouba,1283987491399
343597384103,Album 4 of Ali Abouba,1288297310587
274877907368,Album 5 of Ali Abouba,1284733312444
274877907369,Wall of John Johnson,1286015354409
274877907373,Wall of Lin Lei,1283362276487
274877907374,Album 0 of Lin Lei,1286228576845
274877907375,Album 1 of Lin Lei,1284979314467
343597384113,Album 3 of Lin Lei,1290396591439
206158430644,Wall of Babar Khan,1279562022355
206158430645,Album 0 of Babar Khan,1280741756530
274877907382,Album 1 of Babar Khan,1283124413855
206158430647,Album 2 of Babar Khan,1282203007994
206158430648,Album 3 of Babar Khan,1281117548013
206158430649,Album 4 of Babar Khan,1281956688538
274877907386,Wall of Patricia Alvarez,1284579584363
343597384123,Album 0 of Patricia Alvarez,1289005680551
343597384125,Album 2 of Patricia Alvarez,1289074231414
343597384126,Wall of Alejandro Garcia,1288094146246
137438953919,Wall of Lei Zhang,1275325047025
206158430656,Album 0 of Lei Zhang,1281434609203
137438953921,Album 1 of Lei Zhang,1276472498544
206158430658,Album 2 of Lei Zhang,1278599537300
343597384131,Album 3 of Lei Zhang,1287638621419
137438953924,Album 4 of Lei Zhang,1275395333407
343597384133,Album 5 of Lei Zhang,1288588571295
343597384134,Album 6 of Lei Zhang,1287767541963
206158430663,Wall of Naresh Singh,1281365067373
274877907400,Wall of Celso Oliveira,1283574552147
343597384137,Album 0 of Celso Oliveira,1288497161773
274877907402,Album 1 of Celso Oliveira,1285359723258
206158430668,Wall of Akira Yamamoto,1278878747709
206158430669,Album 0 of Akira Yamamoto,1280625819774
343597384142,Album 1 of Akira Yamamoto,1287862890772
274877907407,Album 2 of Akira Yamamoto,1285592438787
206158430673,Album 4 of Akira Yamamoto,1282007120943
206158430674,Wall of Juan Aquino,1280652770107
467,Wall of Rahul Sharma,1267292426049
206158430676,Album 0 of Rahul Sharma,1280024804291
274877907413,Album 1 of Rahul Sharma,1284779732844
206158430678,Album 2 of Rahul Sharma,1278584717837
274877907415,Album 3 of Rahul Sharma,1284770006168
206158430680,Album 4 of Rahul Sharma,1282275572176
274877907417,Album 5 of Rahul Sharma,1283613617198
68719477210,Album 6 of Rahul Sharma,1270272585575
137438953947,Album 7 of Rahul Sharma,1274547103380
274877907420,Album 8 of Rahul Sharma,1284580152060
68719477214,Wall of Aburizal Budjana,1271432462543
274877907423,Album 0 of Aburizal Budjana,1284010818356
68719477216,Album 1 of Aburizal Budjana,1271779572898
274877907425,Album 2 of Aburizal Budjana,1283099621722
343597384162,Album 3 of Aburizal Budjana,1288584943243
343597384163,Album 4 of Aburizal Budjana,1290127036082
274877907428,Album 5 of Aburizal Budjana,1283789836652
137438953957,Album 6 of Aburizal Budjana,1274182018767
274877907430,Album 7 of Aburizal Budjana,1282647464829
137438953959,Wall of Djelaludin Zaland,1274322548974
274877907432,Album 0 of Djelaludin Zaland,1285026999485
343597384170,Album 2 of Djelaludin Zaland,1290308279174
137438953963,Album 3 of Djelaludin Zaland,1276224986241
206158430700,Album 4 of Djelaludin Zaland,1281993821069
206158430701,Album 5 of Djelaludin Zaland,1279325386821
274877907438,Album 6 of Djelaludin Zaland,1285062167999
137438953967,Wall of R. Sharma,1274101836065
343597384176,Album 0 of R. Sharma,1287735455603
343597384177,Album 1 of R. Sharma,1288851691885
137438953970,Album 2 of R. Sharma,1274737794207
206158430707,Album 3 of R. Sharma,1282273709344
206158430708,Album 4 of R. Sharma,1278377712798
343597384181,Album 5 of R. Sharma,1290089022915
206158430710,Album 6 of R. Sharma,1278356310774
503,Wall of Alexandr Akhmadiyeva,1265747266619
68719477240,Wall of Meera Khan,1271303469294
206158430713,Album 0 of Meera Khan,1279068560092
206158430714,Album 1 of Meera Khan,1282483646580
137438953979,Album 2 of Meera Khan,1275571623656
68719477244,Album 3 of Meera Khan,1271678333578
343597384189,Album 4 of Meera Khan,1288025418444
137438953982,Album 5 of Meera Khan,1272484602337
343597384191,Album 6 of Meera Khan,1288781169003
137438953984,Album 7 of Meera Khan,1276126430593
137438953985,Wall of Luigi Donati,1275349433216
274877907458,Wall of A. Prasad,1285039497919
343597384197,Wall of Ayesha Ahmed,1289648507510
68719477255,Wall of Mehmet Koksal,1267414379202
343597384200,Album 0 of Mehmet Koksal,1288001621713
137438953995,Album 3 of Mehmet Koksal,1276044617312
137438953996,Album 4 of Mehmet Koksal,1272812515274
137438953998,Album 6 of Mehmet Koksal,1273538339945
274877907471,Album 7 of Mehmet Koksal,1283462317164
206158430736,Album 8 of Mehmet Koksal,1280999193656
274877907473,Album 9 of Mehmet Koksal,1286654951844
137438954002,Wall of Taras Kofler,1273613570895
206158430739,Wall of Neil Murray,1279668537148
274877907476,Wall of Rahul Nair,1285717363707
343597384213,Wall of Francisco Reyes,1290622682333
535,Wall of Hayyim Gillett,1264884930626
68719477272,Album 0 of Hayyim Gillett,1268793841170
206158430746,Album 2 of Hayyim Gillett,1278419796602
68719477275,Album 3 of Hayyim Gillett,1269294096635
68719477276,Album 4 of Hayyim Gillett,1272070251532
206158430749,Album 5 of Hayyim Gillett,1280965055133
343597384222,Album 6 of Hayyim Gillett,1289451601365
274877907487,Album 7 of Hayyim Gillett,1283519809127
274877907488,Album 8 of Hayyim Gillett,1283719387981
68719477281,Album 9 of Hayyim Gillett,1267865186634
137438954018,Album 10 of Hayyim Gillett,1276890113277
274877907491,Wall of Abdul Jamil Qureshi,1286407692190
343597384228,Album 0 of Abdul Jamil Qureshi,1289622764536
206158430758,Wall of Nicolas Diaz,1278834531392
274877907495,Album 0 of Nicolas Diaz,1286925616392
343597384236,Wall of Fernanda Alves,1288310582672
137438954029,Wall of Hans Becker,1275205635077
137438954031,Wall of Jimmy Burak,1273339107047
206158430768,Album 0 of Jimmy Burak,1277659390675
274877907505,Album 1 of Jimmy Burak,1287219033439
206158430770,Album 2 of Jimmy Burak,1279578928559
137438954036,Album 4 of Jimmy Burak,1274726168940
137438954037,Album 5 of Jimmy Burak,1277030010109
206158430774,Album 6 of Jimmy Burak,1278110956776
343597384247,Wall of Kenji Matsudaira,1287702255309
568,Wall of Maria Alkaios,1262456653976
68719477305,Wall of Rene Buysse,1267558949176
137438954042,Wall of Rahul Khan,1277047958150
274877907515,Album 0 of Rahul Khan,1285032427768
343597384252,Album 1 of Rahul Khan,1290401372417
206158430781,Album 2 of Rahul Khan,1278552348953
206158430782,Album 3 of Rahul Khan,1278809852948
274877907519,Album 4 of Rahul Khan,1284449740188
274877907520,Album 5 of Rahul Khan,1282564647582
137438954049,Wall of Ahmad Zakii Lee,1274676842613
206158430786,Wall of Cheng Wei,1281123464594
68719477315,Wall of Yang Li,1267875516045
274877907524,Wall of Mamoon Eshaq 0 Amin,1285884008958
68719477319,Wall of Adisak Charoenpura,1268994787448
274877907528,Album 0 of Adisak Charoenpura,1284476260595
274877907529,Album 1 of Adisak Charoenpura,1284014893903
274877907531,Album 3 of Adisak Charoenpura,1285544188167
206158430796,Album 4 of Adisak Charoenpura,1277901544850
343597384269,Album 5 of Adisak Charoenpura,1287723446349
137438954062,Album 6 of Adisak Charoenpura,1273563776252
274877907535,Album 7 of Adisak Charoenpura,1285186122253
343597384272,Album 8 of Adisak Charoenpura,1287926292947
137438954065,Wall of Miguel Gonzalez,1274172668297
274877907539,Album 1 of Miguel Gonzalez,1285534234376
274877907540,Album 2 of Miguel Gonzalez,1284985398919
274877907541,Album 3 of Miguel Gonzalez,1286690317126
206158430806,Album 4 of Miguel Gonzalez,1278897605144
206158430807,Album 5 of Miguel Gonzalez,1281866549405
274877907544,Album 6 of Miguel Gonzalez,1283000341036
274877907545,Wall of Gary Hill,1287361160632
206158430812,Wall of Javed Chohan,1282458704787
343597384286,Group for Patrick_Vieira in Larkana_District,1288219734651
137438954079,Wall of Chen Wang,1273684198885
274877907552,Album 0 of Chen Wang,1282834411037
206158430817,Album 1 of Chen Wang,1280815640057
343597384290,Album 2 of Chen Wang,1289394390399
206158430819,Album 3 of Chen Wang,1281151970185
343597384293,Album 5 of Chen Wang,1289462671101
274877907558,Album 6 of Chen Wang,1284588614955
137438954087,Wall of Shweta Singh,1273025318502
343597384296,Group for The_Movie_Album in Anantapur_district,1287662166737
274877907561,Wall of George Jones,1284610329373
343597384298,Wall of Aden Ben-Tzur,1290665728278
68719477355,Wall of Dặng Dinh Hoang,1269525925566
137438954092,Group for Highway_61_Revisited in Điện_Biên_Phủ,1273800389382
206158430829,Wall of Bruno Oliveira,1280475988163
274877907567,Album 1 of Bruno Oliveira,1284961270010
206158430832,Album 2 of Bruno Oliveira,1280549369376
274877907569,Album 3 of Bruno Oliveira,1285670621804
206158430835,Wall of John Khan,1278759813250
206158430837,Album 1 of John Khan,1281634637424
206158430838,Album 2 of John Khan,1280919815231
274877907575,Album 3 of John Khan,1282723666173
137438954105,Wall of Aditya Khan,1274517213429
206158430842,Album 0 of Aditya Khan,1281138598177
274877907579,Album 1 of Aditya Khan,1284899767694
274877907581,Album 3 of Aditya Khan,1287441054326
343597384318,Album 4 of Aditya Khan,1288637266527
343597384319,Album 5 of Aditya Khan,1287967238493
343597384320,Album 6 of Aditya Khan,1288941955995
343597384321,Wall of Stefan David,1290508652069
68719477378,Wall of Luis Alonso,1269237633812
206158430851,Album 0 of Luis Alonso,1278782074645
274877907588,Album 1 of Luis Alonso,1283845057139
137438954117,Album 2 of Luis Alonso,1277087072708
274877907590,Album 3 of Luis Alonso,1285726996310
274877907591,Album 4 of Luis Alonso,1283083175826
137438954120,Album 5 of Luis Alonso,1275393052052
274877907593,Album 6 of Luis Alonso,1285751167733
68719477386,Album 7 of Luis Alonso,1269637185931
206158430859,Album 8 of Luis Alonso,1282268266607
652,Wall of Rahul Khan,1266902043877
653,Wall of Zheng Lei,1264144014648
137438954128,Album 2 of Zheng Lei,1273167971144
137438954129,Album 3 of Zheng Lei,1277230588478
137438954130,Album 4 of Zheng Lei,1275627414969
274877907603,Album 5 of Zheng Lei,1283413755971
137438954132,Album 6 of Zheng Lei,1276760883388
137438954133,Album 7 of Zheng Lei,1277401468222
274877907606,Album 8 of Zheng Lei,1283545490368
663,Album 9 of Zheng Lei,1266554041991
206158430872,Album 10 of Zheng Lei,1279828053961
68719477401,Wall of Hermann Schmidt,1270640016544
274877907610,Wall of Jun Li,1283232030663
274877907611,Album 0 of Jun Li,1285974250081
274877907612,Album 1 of Jun Li,1286266238513
274877907613,Album 2 of Jun Li,1285009369747
274877907614,Album 3 of Jun Li,1284199358442
206158430879,Wall of Oleg Bazayev,1281329805776
343597384352,Group for Franz_Schubert in Astana,1288407688595
274877907617,Group for Sunday_Bloody_Sunday in Astana,1282705189582
343597384354,Album 0 of Oleg Bazayev,1290517617955
274877907619,Album 1 of Oleg Bazayev,1286918583178
274877907620,Album 2 of Oleg Bazayev,1285778212201
274877907621,Album 3 of Oleg Bazayev,1285836955696
206158430886,Wall of Chaim Azriel Hleb,1280382087209
206158430887,Wall of Amjad Islam Ahsan,1278362051291
206158430888,Album 0 of Amjad Islam Ahsan,1280140481029
206158430889,Album 1 of Amjad Islam Ahsan,1279393013493
206158430890,Album 2 of Amjad Islam Ahsan,1278737938941
343597384364,Album 4 of Amjad Islam Ahsan,1290109664334
343597384365,Wall of Javed Khan,1288977445923
343597384366,Album 0 of Javed Khan,1289418246661
68719477423,Wall of Jun Chen,1270278209810
690,Wall of John Kumar,1266276267359
137438954163,Album 0 of John Kumar,1276196122008
137438954164,Album 1 of John Kumar,1276126784884
343597384374,Album 3 of John Kumar,1287673926664
206158430903,Album 4 of John Kumar,1279288792734
68719477432,Album 5 of John Kumar,1269587594086
137438954169,Album 6 of John Kumar,1273633926966
274877907642,Album 7 of John Kumar,1284620026185
274877907643,Album 8 of John Kumar,1285643629994
206158430908,Album 9 of John Kumar,1282169738773
137438954173,Wall of Tissa Perera,1276105503772
206158430910,Group for Pope_Benedict_XVI in Nugegoda,1278450308903
206158430911,Group for Zine_El_Abidine_Ben_Ali in Nugegoda,1280749709186
137438954176,Wall of Otto Becker,1273210471165
137438954177,Wall of Renato Silva,1274685844992
137438954178,Wall of Chau Ha,1275306768493
343597384387,Album 0 of Chau Ha,1288520842603
274877907652,Album 1 of Chau Ha,1285680821538
206158430917,Album 2 of Chau Ha,1281446278191
343597384390,Album 3 of Chau Ha,1287701792196
274877907657,Album 6 of Chau Ha,1285533010839
68719477454,Wall of Adrian Bravo,1267559685274
206158430927,Group for Help_Me_Make_It_Through_the_Night in Ensenada,1281081594003
68719477456,Album 0 of Adrian Bravo,1268357456860
68719477457,Album 1 of Adrian Bravo,1270027249056
274877907666,Album 2 of Adrian Bravo,1286221336748
206158430931,Album 3 of Adrian Bravo,1277594995384
68719477460,Album 4 of Adrian Bravo,1271312560852
137438954197,Album 5 of Adrian Bravo,1272690222913
68719477463,Album 7 of Adrian Bravo,1271590100509
343597384408,Album 8 of Adrian Bravo,1288471216014
343597384409,Album 9 of Adrian Bravo,1288000112936
68719477468,Wall of Eduardo Gonzalez,1267411349276
68719477469,Album 0 of Eduardo Gonzalez,1269308048014
206158430942,Album 1 of Eduardo Gonzalez,1278603179485
206158430943,Album 2 of Eduardo Gonzalez,1281301664976
343597384416,Album 3 of Eduardo Gonzalez,1289215649964
68719477473,Album 4 of Eduardo Gonzalez,1269543986162
206158430946,Album 5 of Eduardo Gonzalez,1282375199964
274877907683,Album 6 of Eduardo Gonzalez,1286754939627
206158430948,Album 7 of Eduardo Gonzalez,1278955621765
274877907686,Album 9 of Eduardo Gonzalez,1287266532418
68719477479,Wall of Kurt Becker,1270217043416
206158430952,Wall of Bryn Davies,1280807182785
343597384426,Album 1 of Bryn Davies,1290217227843
274877907691,Album 2 of Bryn Davies,1284096625127
343597384428,Album 3 of Bryn Davies,1288035727263
274877907693,Album 4 of Bryn Davies,1285959125663
343597384430,Wall of Paul Bologan,1288524165494
753,Wall of Wolfgang Bauer,1265392967516
137438954226,Wall of Michel Rothschild,1275755947150
343597384435,Wall of Ashok Singh,1289515246211
756,Wall of Alexander Basov,1264513861732
137438954229,Group for Laurence_Olivier in Omsk,1274767788817
137438954230,Wall of John Johnson,1276901696575
137438954231,Wall of Ana Paula Silva,1273545405369
274877907704,Wall of Otto Redl,1287335978686
274877907707,Wall of Chen Zhu,1283195803907
68719477500,Wall of Jorge Araujo Castro,1268622202050
137438954237,Wall of Neil Coetzee,1274914517586
206158430974,Wall of Jie Wei,1282431075745
343597384447,Wall of Eddie Aquino,1290471295873
768,Wall of Jae-Jin Park,1267292336198
68719477505,Wall of Claude Aly,1268693211931
274877907714,Album 0 of Claude Aly,1285155406110
206158430979,Album 1 of Claude Aly,1281184386036
137438954244,Album 2 of Claude Aly,1275646297711
343597384453,Album 3 of Claude Aly,1288516629147
206158430982,Album 4 of Claude Aly,1278765714312
274877907719,Album 5 of Claude Aly,1284261874880
137438954248,Album 6 of Claude Aly,1275215888258
274877907721,Album 7 of Claude Aly,1287388312611
274877907722,Album 8 of Claude Aly,1286261210210
343597384459,Wall of Yang Wu,1289763023475
780,Wall of Anson Chen,1262778985429
274877907725,Album 0 of Anson Chen,1283621596262
68719477518,Album 1 of Anson Chen,1268250367330
206158430991,Album 2 of Anson Chen,1278932283372
784,Album 3 of Anson Chen,1266704707632
68719477521,Album 4 of Anson Chen,1268675945902
343597384466,Album 5 of Anson Chen,1287992638569
206158430995,Album 6 of Anson Chen,1279214780926
788,Album 7 of Anson Chen,1265693756363
789,Album 8 of Anson Chen,1265426619556
343597384470,Album 9 of Anson Chen,1288420925055
791,Album 10 of Anson Chen,1264655150309
137438954264,Wall of Jun Chen,1273492727894
137438954265,Wall of Andrius Dukauskaite,1275610847614
206158431002,Wall of Fernando Sumac,1279576505520
343597384476,Album 1 of Fernando Sumac,1288175097562
274877907741,Album 2 of Fernando Sumac,1283104359500
206158431006,Album 3 of Fernando Sumac,1280763944286
206158431007,Album 4 of Fernando Sumac,1281822212489
343597384480,Wall of A. Gallagher,1290066661261
801,Wall of Cheng Chen,1266956435894
137438954274,Group for Alexander_von_Humboldt in Putian,1272536902874
206158431011,Group for Joseph_Smith in Putian,1280211760271
137438954277,Wall of Zdenek Herzigová,1274395321398
206158431015,Album 1 of Zdenek Herzigová,1277651298084
137438954280,Album 2 of Zdenek Herzigová,1274463150443
206158431018,Album 4 of Zdenek Herzigová,1279246429453
206158431019,Album 5 of Zdenek Herzigová,1278709989886
137438954284,Album 6 of Zdenek Herzigová,1274799200177
343597384493,Wall of A. Sen,1290232616559
343597384495,Wall of Carlos Alvarez,1288733094140
816,Wall of Brian Wilson,1265578352862
137438954289,Wall of Abdul Haris Tobing,1275483140098
206158431026,Album 0 of Abdul Haris Tobing,1281761096500
274877907763,Album 1 of Abdul Haris Tobing,1283710779198
343597384500,Album 2 of Abdul Haris Tobing,1287917188106
343597384501,Album 3 of Abdul Haris Tobing,1290045659918
137438954295,Album 5 of Abdul Haris Tobing,1277453930126
274877907768,Album 6 of Abdul Haris Tobing,1283394171265
137438954300,Wall of Alejandro Rodriguez,1272526971747
274877907773,Album 0 of Alejandro Rodriguez,1285848562551
343597384510,Album 1 of Alejandro Rodriguez,1288138532853
343597384511,Album 2 of Alejandro Rodriguez,1289869857960
137438954304,Album 3 of Alejandro Rodriguez,1276024065817
343597384513,Album 4 of Alejandro Rodriguez,1289834676145
274877907778,Album 5 of Alejandro Rodriguez,1286018507345
343597384515,Album 6 of Alejandro Rodriguez,1290359530465
206158431045,Wall of Odile Gertze,1282027901529
838,Wall of Mike Wilson,1266566745654
206158431047,Album 0 of Mike Wilson,1277570840491
68719477576,Album 1 of Mike Wilson,1271696133373
343597384521,Album 2 of Mike Wilson,1289509586277
137438954314,Album 3 of Mike Wilson,1274265855547
206158431051,Album 4 of Mike Wilson,1278971252143
68719477580,Album 5 of Mike Wilson,1268638925267
68719477581,Album 6 of Mike Wilson,1267618844901
274877907792,Album 9 of Mike Wilson,1284774097699
137438954321,Wall of John Kobzon,1276109202196
343597384530,Album 0 of John Kobzon,1288508046133
343597384531,Album 1 of John Kobzon,1290415188677
274877907796,Album 2 of John Kobzon,1284528326457
206158431061,Album 3 of John Kobzon,1277479683001
343597384535,Album 5 of John Kobzon,1287701607103
274877907800,Wall of Alexei Kahnovich,1282693519786
206158431066,Wall of Iraj Karimi,1282334370064
206158431068,Album 1 of Iraj Karimi,1282370549834
206158431071,Wall of Carlos Abascal,1279257160172
274877907808,Album 0 of Carlos Abascal,1285008547291
274877907809,Album 1 of Carlos Abascal,1283363767974
274877907810,Album 2 of Carlos Abascal,1284996821402
206158431075,Album 3 of Carlos Abascal,1282249383358
274877907813,Wall of Joakim Larsson,1284935808635
274877907814,Album 0 of Joakim Larsson,1285225420800
274877907815,Album 1 of Joakim Larsson,1285993947123
343597384552,Album 2 of Joakim Larsson,1289152470953
873,Wall of Asher Mamo,1266720731912
206158431082,Album 0 of Asher Mamo,1279208408298
343597384555,Album 1 of Asher Mamo,1290590882265
137438954348,Album 2 of Asher Mamo,1272928177045
68719477613,Album 3 of Asher Mamo,1267972822000
274877907822,Album 4 of Asher Mamo,1286642134333
206158431087,Album 5 of Asher Mamo,1280214220822
274877907825,Album 7 of Asher Mamo,1282525172315
68719477618,Album 8 of Asher Mamo,1271614029808
883,Album 9 of Asher Mamo,1267290583839
274877907828,Wall of Mirza Kalich Ali,1283404300313
206158431096,Wall of Ahmed Hussain,1278310351165
343597384569,Album 0 of Ahmed Hussain,1289067423252
343597384572,Album 3 of Ahmed Hussain,1290204386498
274877907837,Album 4 of Ahmed Hussain,1284060727295
274877907838,Wall of John Reddy,1284836307634
343597384576,Album 1 of John Reddy,1289498434529
343597384578,Wall of Wojciech Kowalski,1290266624404
206158431108,Wall of Luigi Bonomi,1277847480964
901,Wall of Alfonso Alvarez,1262602408117
206158431110,Album 0 of Alfonso Alvarez,1279965447231
903,Album 1 of Alfonso Alvarez,1266872738983
206158431112,Album 2 of Alfonso Alvarez,1278956344348
905,Album 3 of Alfonso Alvarez,1266275311907
206158431114,Album 4 of Alfonso Alvarez,1282425560982
68719477643,Album 5 of Alfonso Alvarez,1271706466186
343597384588,Album 6 of Alfonso Alvarez,1288654813102
68719477645,Album 7 of Alfonso Alvarez,1270785378051
206158431118,Album 8 of Alfonso Alvarez,1280043365075
911,Album 9 of Alfonso Alvarez,1266040439673
68719477648,Album 10 of Alfonso Alvarez,1272145704448
913,Album 11 of Alfonso Alvarez,1264112705971
914,Wall of Abdala Ndiaye,1266688958654
206158431123,Album 0 of Abdala Ndiaye,1281424447410
274877907860,Album 1 of Abdala Ndiaye,1282799382206
68719477653,Album 2 of Abdala Ndiaye,1271164037806
918,Album 3 of Abdala Ndiaye,1267193706446
206158431127,Album 4 of Abdala Ndiaye,1279618221630
274877907864,Album 5 of Abdala Ndiaye,1283195586089
343597384601,Album 6 of Abdala Ndiaye,1289079562508
343597384602,Album 7 of Abdala Ndiaye,1287856827367
343597384603,Album 8 of Abdala Ndiaye,1288058786120
274877907868,Album 9 of Abdala Ndiaye,1286791455301
68719477661,Wall of Fritz Engel,1267699370767
206158431134,Wall of Miguel Rodriguez,1280418271382
274877907871,Group for Abdullah_Ahmad_Badawi in Monterrey,1287318072246
274877907873,Group for Abdullah_Ahmad_Badawi in Monterrey,1284197006320
343597384610,Group for Abdullah_Ahmad_Badawi in Monterrey,1290017828090
274877907875,Album 0 of Miguel Rodriguez,1287333999775
343597384615,Album 4 of Miguel Rodriguez,1290599729562
274877907880,Wall of Anıl Arikan,1284609055050
274877907881,Wall of Angel Alonso,1287459937834
343597384618,Album 0 of Angel Alonso,1287887790697
343597384619,Album 1 of Angel Alonso,1290664138285
68719477676,Wall of Hans Johansson,1272216938712
274877907885,Album 0 of Hans Johansson,1286241691689
274877907886,Album 1 of Hans Johansson,1283702424484
274877907887,Album 2 of Hans Johansson,1282938692278
343597384624,Album 3 of Hans Johansson,1287965653777
206158431153,Album 4 of Hans Johansson,1279707897825
137438954418,Album 5 of Hans Johansson,1277003088792
343597384627,Album 6 of Hans Johansson,1289641969386
137438954421,Wall of Akira Yamamoto,1272986524825
206158431158,Album 0 of Akira Yamamoto,1279642263576
274877907895,Album 1 of Akira Yamamoto,1286552729849
137438954425,Album 3 of Akira Yamamoto,1274985697083
274877907898,Album 4 of Akira Yamamoto,1285452973808
343597384635,Album 5 of Akira Yamamoto,1290467466843
343597384636,Album 6 of Akira Yamamoto,1289386688094
343597384637,Album 7 of Akira Yamamoto,1287726337316
68719477694,Wall of Ashok Singh,1270140720928
206158431167,Wall of Kelvin Garcia,1278244799332
274877907904,Wall of Alfonso Rodriguez,1284516290164
343597384641,Album 0 of Alfonso Rodriguez,1287741315563
274877907906,Album 1 of Alfonso Rodriguez,1285140380561
