start_id,start_vertex_type,end_id,end_vertex_type
274877906945,Forum,8796093022221,Person
343597383682,Forum,8796093022221,Person
343597383683,Forum,8796093022221,Person
343597383684,Forum,8796093022221,Person
137438953478,Forum,4398046511193,Person
206158430215,Forum,6597069766747,Person
68719476744,Forum,2199023255712,Person
206158430217,Forum,2199023255712,Person
68719476746,Forum,2199023255712,Person
137438953483,Forum,2199023255712,Person
137438953484,Forum,2199023255712,Person
68719476749,Forum,2199023255712,Person
206158430222,Forum,2199023255712,Person
274877906959,Forum,2199023255712,Person
274877906960,Forum,2199023255712,Person
206158430225,Forum,2199023255712,Person
68719476754,Forum,2199023255592,Person
274877906963,Forum,2199023255592,Person
343597383700,Forum,2199023255592,Person
343597383701,Forum,2199023255592,Person
206158430230,Forum,2199023255592,Person
206158430233,Forum,2199023255592,Person
206158430234,Forum,2199023255592,Person
68719476763,Forum,2199023255592,Person
137438953500,Forum,2199023255592,Person
137438953501,Forum,4398046511125,Person
137438953502,Forum,4398046511125,Person
274877906975,Forum,4398046511125,Person
137438953504,Forum,4398046511125,Person
274877906977,Forum,4398046511125,Person
206158430242,Forum,4398046511125,Person
137438953507,Forum,4398046511125,Person
137438953508,Forum,4398046511125,Person
343597383717,Forum,4398046511125,Person
343597383718,Forum,10995116277845,Person
343597383721,Forum,10995116277993,Person
42,Forum,66,Person
343597383723,Forum,66,Person
68719476780,Forum,66,Person
274877906989,Forum,66,Person
274877906990,Forum,66,Person
343597383727,Forum,66,Person
137438953520,Forum,66,Person
206158430257,Forum,66,Person
206158430258,Forum,66,Person
51,Forum,66,Person
274877906996,Forum,66,Person
206158430261,Forum,66,Person
274877906998,Forum,8796093022314,Person
68719476792,Forum,2199023255635,Person
137438953529,Forum,4398046511221,Person
137438953530,Forum,4398046511257,Person
60,Forum,196,Person
206158430269,Forum,6597069766764,Person
137438953535,Forum,4398046511269,Person
206158430272,Forum,4398046511269,Person
206158430273,Forum,4398046511269,Person
137438953538,Forum,4398046511269,Person
274877907011,Forum,4398046511269,Person
343597383748,Forum,4398046511269,Person
206158430277,Forum,4398046511269,Person
137438953543,Forum,4398046511269,Person
137438953545,Forum,4398046511344,Person
343597383754,Forum,4398046511344,Person
137438953547,Forum,4398046511344,Person
274877907021,Forum,4398046511344,Person
274877907023,Forum,4398046511344,Person
274877907024,Forum,4398046511344,Person
137438953553,Forum,4398046511253,Person
206158430290,Forum,6597069766760,Person
206158430291,Forum,6597069766813,Person
274877907028,Forum,6597069766813,Person
343597383765,Forum,6597069766813,Person
274877907030,Forum,6597069766813,Person
206158430295,Forum,6597069766813,Person
206158430296,Forum,6597069766813,Person
206158430297,Forum,6597069766890,Person
274877907035,Forum,6597069766890,Person
343597383772,Forum,6597069766890,Person
94,Forum,51,Person
68719476831,Forum,2199023255731,Person
274877907040,Forum,2199023255731,Person
206158430305,Forum,2199023255731,Person
206158430306,Forum,2199023255731,Person
137438953571,Forum,2199023255731,Person
274877907044,Forum,2199023255731,Person
206158430310,Forum,2199023255731,Person
68719476839,Forum,2199023255731,Person
137438953576,Forum,2199023255731,Person
137438953577,Forum,2199023255731,Person
137438953578,Forum,4398046511106,Person
137438953579,Forum,4398046511316,Person
206158430316,Forum,6597069766846,Person
206158430318,Forum,6597069766846,Person
343597383791,Forum,6597069766846,Person
274877907056,Forum,6597069766846,Person
206158430322,Forum,6597069766846,Person
274877907059,Forum,8796093022240,Person
274877907060,Forum,8796093022240,Person
274877907061,Forum,8796093022240,Person
274877907062,Forum,8796093022240,Person
343597383799,Forum,8796093022240,Person
274877907064,Forum,8796093022302,Person
274877907067,Forum,8796093022302,Person
68719476862,Forum,2199023255737,Person
68719476863,Forum,2199023255768,Person
137438953600,Forum,4398046511225,Person
68719476865,Forum,2199023255613,Person
68719476866,Forum,2199023255622,Person
274877907075,Forum,8796093022405,Person
343597383812,Forum,8796093022405,Person
343597383813,Forum,8796093022405,Person
274877907078,Forum,8796093022405,Person
135,Forum,109,Person
136,Forum,109,Person
206158430345,Forum,109,Person
274877907082,Forum,109,Person
343597383820,Forum,109,Person
68719476877,Forum,109,Person
206158430350,Forum,109,Person
137438953615,Forum,109,Person
68719476880,Forum,109,Person
68719476881,Forum,109,Person
274877907090,Forum,109,Person
147,Forum,235,Person
206158430356,Forum,235,Person
206158430357,Forum,235,Person
206158430358,Forum,235,Person
137438953623,Forum,235,Person
68719476888,Forum,235,Person
343597383833,Forum,235,Person
274877907098,Forum,235,Person
155,Forum,235,Person
274877907100,Forum,235,Person
274877907101,Forum,235,Person
274877907102,Forum,8796093022223,Person
274877907104,Forum,8796093022223,Person
274877907105,Forum,8796093022223,Person
274877907106,Forum,8796093022223,Person
343597383843,Forum,10995116277795,Person
167,Forum,49,Person
206158430376,Forum,49,Person
68719476905,Forum,49,Person
274877907114,Forum,49,Person
274877907115,Forum,49,Person
68719476908,Forum,49,Person
68719476909,Forum,49,Person
68719476910,Forum,49,Person
206158430383,Forum,49,Person
137438953648,Forum,49,Person
206158430385,Forum,49,Person
178,Forum,86,Person
68719476915,Forum,86,Person
68719476916,Forum,86,Person
206158430389,Forum,86,Person
274877907126,Forum,86,Person
274877907127,Forum,86,Person
137438953656,Forum,86,Person
68719476921,Forum,86,Person
343597383866,Forum,86,Person
206158430395,Forum,86,Person
137438953660,Forum,86,Person
206158430397,Forum,6597069766819,Person
68719476926,Forum,2199023255754,Person
274877907135,Forum,2199023255754,Person
206158430402,Forum,2199023255754,Person
137438953667,Forum,2199023255754,Person
206158430404,Forum,2199023255754,Person
206158430406,Forum,2199023255754,Person
274877907143,Forum,2199023255754,Person
206158430408,Forum,6597069766840,Person
201,Forum,103,Person
68719476938,Forum,2199023255713,Person
137438953675,Forum,2199023255713,Person
274877907148,Forum,2199023255713,Person
274877907149,Forum,2199023255713,Person
137438953678,Forum,2199023255713,Person
137438953679,Forum,2199023255713,Person
206158430416,Forum,2199023255713,Person
206158430417,Forum,2199023255713,Person
274877907154,Forum,2199023255713,Person
343597383891,Forum,2199023255713,Person
206158430420,Forum,2199023255713,Person
206158430421,Forum,6597069766682,Person
137438953686,Forum,4398046511353,Person
206158430423,Forum,6597069766832,Person
274877907160,Forum,8796093022323,Person
217,Forum,7,Person
206158430426,Forum,7,Person
206158430427,Forum,7,Person
274877907164,Forum,7,Person
137438953693,Forum,7,Person
137438953694,Forum,7,Person
206158430431,Forum,7,Person
68719476960,Forum,7,Person
206158430433,Forum,7,Person
206158430434,Forum,7,Person
274877907171,Forum,7,Person
206158430436,Forum,7,Person
206158430437,Forum,6597069766723,Person
274877907174,Forum,8796093022292,Person
274877907175,Forum,8796093022292,Person
274877907176,Forum,8796093022292,Person
274877907177,Forum,8796093022292,Person
343597383914,Forum,8796093022292,Person
274877907179,Forum,8796093022301,Person
343597383916,Forum,8796093022301,Person
274877907181,Forum,8796093022301,Person
274877907183,Forum,8796093022301,Person
240,Forum,239,Person
206158430449,Forum,6597069766735,Person
206158430450,Forum,6597069766735,Person
274877907187,Forum,6597069766735,Person
274877907188,Forum,6597069766735,Person
343597383925,Forum,6597069766735,Person
274877907190,Forum,6597069766735,Person
206158430455,Forum,6597069766735,Person
68719476986,Forum,2199023255590,Person
68719476987,Forum,2199023255670,Person
68719476988,Forum,2199023255743,Person
137438953725,Forum,4398046511163,Person
206158430462,Forum,4398046511163,Person
274877907200,Forum,4398046511163,Person
274877907201,Forum,4398046511163,Person
137438953731,Forum,4398046511163,Person
274877907204,Forum,8796093022236,Person
274877907205,Forum,8796093022236,Person
343597383943,Forum,8796093022236,Person
137438953737,Forum,4398046511326,Person
206158430474,Forum,6597069766900,Person
274877907211,Forum,8796093022283,Person
137438953740,Forum,4398046511250,Person
137438953741,Forum,4398046511250,Person
206158430478,Forum,4398046511250,Person
137438953743,Forum,4398046511250,Person
274877907216,Forum,4398046511250,Person
274877907219,Forum,4398046511250,Person
274877907220,Forum,8796093022280,Person
343597383957,Forum,8796093022280,Person
137438953751,Forum,4398046511298,Person
274877907224,Forum,8796093022391,Person
274877907225,Forum,8796093022391,Person
343597383962,Forum,8796093022391,Person
274877907227,Forum,8796093022391,Person
343597383964,Forum,8796093022391,Person
68719477021,Forum,2199023255556,Person
274877907230,Forum,8796093022341,Person
343597383967,Forum,8796093022341,Person
343597383968,Forum,8796093022341,Person
137438953761,Forum,4398046511110,Person
137438953762,Forum,4398046511110,Person
274877907235,Forum,4398046511110,Person
137438953765,Forum,4398046511110,Person
274877907238,Forum,4398046511110,Person
137438953767,Forum,4398046511110,Person
274877907240,Forum,4398046511110,Person
274877907241,Forum,4398046511110,Person
137438953770,Forum,4398046511334,Person
206158430507,Forum,6597069766748,Person
274877907244,Forum,8796093022233,Person
274877907247,Forum,8796093022327,Person
68719477040,Forum,2199023255630,Person
68719477041,Forum,2199023255642,Person
343597383986,Forum,2199023255642,Person
206158430516,Forum,2199023255642,Person
206158430517,Forum,2199023255642,Person
137438953782,Forum,2199023255642,Person
274877907255,Forum,2199023255642,Person
274877907256,Forum,2199023255642,Person
206158430521,Forum,2199023255642,Person
137438953786,Forum,2199023255642,Person
137438953787,Forum,4398046511184,Person
343597383996,Forum,4398046511184,Person
206158430525,Forum,4398046511184,Person
274877907262,Forum,4398046511184,Person
206158430527,Forum,4398046511184,Person
343597384000,Forum,4398046511184,Person
343597384001,Forum,4398046511184,Person
206158430530,Forum,4398046511184,Person
206158430531,Forum,6597069766867,Person
343597384004,Forum,6597069766867,Person
343597384007,Forum,6597069766867,Person
206158430536,Forum,6597069766867,Person
274877907273,Forum,8796093022364,Person
343597384010,Forum,8796093022364,Person
343597384011,Forum,8796093022364,Person
274877907276,Forum,8796093022364,Person
343597384013,Forum,8796093022364,Person
68719477074,Forum,2199023255575,Person
137438953811,Forum,4398046511240,Person
68719477076,Forum,2199023255718,Person
137438953813,Forum,2199023255718,Person
343597384022,Forum,2199023255718,Person
137438953815,Forum,2199023255718,Person
68719477080,Forum,2199023255718,Person
68719477081,Forum,2199023255718,Person
274877907290,Forum,2199023255718,Person
68719477083,Forum,2199023255718,Person
206158430556,Forum,2199023255718,Person
206158430558,Forum,6597069766776,Person
351,Forum,95,Person
137438953825,Forum,95,Person
68719477090,Forum,95,Person
68719477091,Forum,95,Person
68719477092,Forum,95,Person
68719477094,Forum,95,Person
68719477095,Forum,95,Person
343597384040,Forum,95,Person
206158430569,Forum,95,Person
343597384042,Forum,95,Person
363,Forum,95,Person
137438953836,Forum,4398046511114,Person
206158430573,Forum,6597069766673,Person
206158430574,Forum,6597069766836,Person
274877907312,Forum,6597069766836,Person
274877907313,Forum,6597069766836,Person
68719477109,Forum,2199023255755,Person
68719477110,Forum,2199023255755,Person
274877907319,Forum,2199023255755,Person
274877907320,Forum,2199023255755,Person
137438953849,Forum,2199023255755,Person
206158430586,Forum,2199023255755,Person
343597384060,Forum,2199023255755,Person
274877907325,Forum,2199023255755,Person
343597384062,Forum,2199023255755,Person
274877907327,Forum,8796093022454,Person
274877907330,Forum,8796093022454,Person
343597384067,Forum,10995116277794,Person
206158430597,Forum,6597069766693,Person
206158430598,Forum,6597069766856,Person
274877907335,Forum,8796093022376,Person
274877907336,Forum,8796093022376,Person
274877907337,Forum,8796093022376,Person
343597384074,Forum,8796093022376,Person
397,Forum,112,Person
206158430606,Forum,112,Person
68719477135,Forum,112,Person
274877907344,Forum,112,Person
343597384081,Forum,112,Person
68719477138,Forum,112,Person
343597384083,Forum,112,Person
404,Forum,112,Person
274877907349,Forum,112,Person
68719477142,Forum,112,Person
137438953879,Forum,112,Person
343597384088,Forum,112,Person
137438953881,Forum,4398046511147,Person
206158430618,Forum,6597069766770,Person
206158430619,Forum,6597069766820,Person
274877907356,Forum,6597069766820,Person
343597384094,Forum,6597069766820,Person
343597384095,Forum,6597069766820,Person
68719477152,Forum,2199023255700,Person
68719477153,Forum,2199023255790,Person
206158430626,Forum,6597069766702,Person
206158430627,Forum,6597069766702,Person
343597384100,Forum,6597069766702,Person
274877907365,Forum,6597069766702,Person
343597384103,Forum,6597069766702,Person
274877907368,Forum,6597069766702,Person
274877907369,Forum,8796093022319,Person
274877907373,Forum,8796093022412,Person
274877907374,Forum,8796093022412,Person
274877907375,Forum,8796093022412,Person
343597384113,Forum,8796093022412,Person
206158430644,Forum,6597069766710,Person
206158430645,Forum,6597069766710,Person
274877907382,Forum,6597069766710,Person
206158430647,Forum,6597069766710,Person
206158430648,Forum,6597069766710,Person
206158430649,Forum,6597069766710,Person
274877907386,Forum,8796093022453,Person
343597384123,Forum,8796093022453,Person
343597384125,Forum,8796093022453,Person
343597384126,Forum,10995116277807,Person
137438953919,Forum,4398046511134,Person
206158430656,Forum,4398046511134,Person
137438953921,Forum,4398046511134,Person
206158430658,Forum,4398046511134,Person
343597384131,Forum,4398046511134,Person
137438953924,Forum,4398046511134,Person
343597384133,Forum,4398046511134,Person
343597384134,Forum,4398046511134,Person
206158430663,Forum,6597069766754,Person
274877907400,Forum,8796093022249,Person
343597384137,Forum,8796093022249,Person
274877907402,Forum,8796093022249,Person
206158430668,Forum,6597069766709,Person
206158430669,Forum,6597069766709,Person
343597384142,Forum,6597069766709,Person
274877907407,Forum,6597069766709,Person
206158430673,Forum,6597069766709,Person
206158430674,Forum,6597069766795,Person
467,Forum,60,Person
206158430676,Forum,60,Person
274877907413,Forum,60,Person
206158430678,Forum,60,Person
274877907415,Forum,60,Person
206158430680,Forum,60,Person
274877907417,Forum,60,Person
68719477210,Forum,60,Person
137438953947,Forum,60,Person
274877907420,Forum,60,Person
68719477214,Forum,2199023255788,Person
274877907423,Forum,2199023255788,Person
68719477216,Forum,2199023255788,Person
274877907425,Forum,2199023255788,Person
343597384162,Forum,2199023255788,Person
343597384163,Forum,2199023255788,Person
274877907428,Forum,2199023255788,Person
137438953957,Forum,2199023255788,Person
274877907430,Forum,2199023255788,Person
137438953959,Forum,4398046511113,Person
274877907432,Forum,4398046511113,Person
343597384170,Forum,4398046511113,Person
137438953963,Forum,4398046511113,Person
206158430700,Forum,4398046511113,Person
206158430701,Forum,4398046511113,Person
274877907438,Forum,4398046511113,Person
137438953967,Forum,4398046511159,Person
343597384176,Forum,4398046511159,Person
343597384177,Forum,4398046511159,Person
137438953970,Forum,4398046511159,Person
206158430707,Forum,4398046511159,Person
206158430708,Forum,4398046511159,Person
343597384181,Forum,4398046511159,Person
206158430710,Forum,4398046511159,Person
503,Forum,134,Person
68719477240,Forum,2199023255675,Person
206158430713,Forum,2199023255675,Person
206158430714,Forum,2199023255675,Person
137438953979,Forum,2199023255675,Person
68719477244,Forum,2199023255675,Person
343597384189,Forum,2199023255675,Person
137438953982,Forum,2199023255675,Person
343597384191,Forum,2199023255675,Person
137438953984,Forum,2199023255675,Person
137438953985,Forum,4398046511322,Person
274877907458,Forum,8796093022433,Person
343597384197,Forum,10995116277796,Person
68719477255,Forum,2199023255566,Person
343597384200,Forum,2199023255566,Person
137438953995,Forum,2199023255566,Person
137438953996,Forum,2199023255566,Person
137438953998,Forum,2199023255566,Person
274877907471,Forum,2199023255566,Person
206158430736,Forum,2199023255566,Person
274877907473,Forum,2199023255566,Person
137438954002,Forum,4398046511226,Person
206158430739,Forum,6597069766675,Person
274877907476,Forum,8796093022321,Person
343597384213,Forum,10995116277828,Person
535,Forum,209,Person
68719477272,Forum,209,Person
206158430746,Forum,209,Person
68719477275,Forum,209,Person
68719477276,Forum,209,Person
206158430749,Forum,209,Person
343597384222,Forum,209,Person
274877907487,Forum,209,Person
274877907488,Forum,209,Person
68719477281,Forum,209,Person
137438954018,Forum,209,Person
274877907491,Forum,8796093022289,Person
343597384228,Forum,8796093022289,Person
206158430758,Forum,6597069766757,Person
274877907495,Forum,6597069766757,Person
343597384236,Forum,10995116277867,Person
137438954029,Forum,4398046511206,Person
137438954031,Forum,4398046511124,Person
206158430768,Forum,4398046511124,Person
274877907505,Forum,4398046511124,Person
206158430770,Forum,4398046511124,Person
137438954036,Forum,4398046511124,Person
137438954037,Forum,4398046511124,Person
206158430774,Forum,4398046511124,Person
343597384247,Forum,10995116277892,Person
568,Forum,144,Person
68719477305,Forum,2199023255739,Person
137438954042,Forum,4398046511148,Person
274877907515,Forum,4398046511148,Person
343597384252,Forum,4398046511148,Person
206158430781,Forum,4398046511148,Person
206158430782,Forum,4398046511148,Person
274877907519,Forum,4398046511148,Person
274877907520,Forum,4398046511148,Person
137438954049,Forum,4398046511251,Person
206158430786,Forum,6597069766668,Person
68719477315,Forum,2199023255694,Person
274877907524,Forum,8796093022360,Person
68719477319,Forum,2199023255767,Person
274877907528,Forum,2199023255767,Person
274877907529,Forum,2199023255767,Person
274877907531,Forum,2199023255767,Person
206158430796,Forum,2199023255767,Person
343597384269,Forum,2199023255767,Person
137438954062,Forum,2199023255767,Person
274877907535,Forum,2199023255767,Person
343597384272,Forum,2199023255767,Person
137438954065,Forum,4398046511137,Person
274877907539,Forum,4398046511137,Person
274877907540,Forum,4398046511137,Person
274877907541,Forum,4398046511137,Person
206158430806,Forum,4398046511137,Person
206158430807,Forum,4398046511137,Person
274877907544,Forum,4398046511137,Person
274877907545,Forum,8796093022358,Person
206158430812,Forum,6597069766897,Person
343597384286,Forum,6597069766897,Person
137438954079,Forum,4398046511220,Person
274877907552,Forum,4398046511220,Person
206158430817,Forum,4398046511220,Person
343597384290,Forum,4398046511220,Person
206158430819,Forum,4398046511220,Person
343597384293,Forum,4398046511220,Person
274877907558,Forum,4398046511220,Person
137438954087,Forum,4398046511328,Person
343597384296,Forum,4398046511328,Person
274877907561,Forum,8796093022349,Person
343597384298,Forum,10995116277941,Person
68719477355,Forum,2199023255783,Person
137438954092,Forum,2199023255783,Person
206158430829,Forum,6597069766829,Person
274877907567,Forum,6597069766829,Person
206158430832,Forum,6597069766829,Person
274877907569,Forum,6597069766829,Person
206158430835,Forum,6597069766657,Person
206158430837,Forum,6597069766657,Person
206158430838,Forum,6597069766657,Person
274877907575,Forum,6597069766657,Person
137438954105,Forum,4398046511233,Person
206158430842,Forum,4398046511233,Person
274877907579,Forum,4398046511233,Person
274877907581,Forum,4398046511233,Person
343597384318,Forum,4398046511233,Person
343597384319,Forum,4398046511233,Person
343597384320,Forum,4398046511233,Person
343597384321,Forum,10995116277915,Person
68719477378,Forum,2199023255608,Person
206158430851,Forum,2199023255608,Person
274877907588,Forum,2199023255608,Person
137438954117,Forum,2199023255608,Person
274877907590,Forum,2199023255608,Person
274877907591,Forum,2199023255608,Person
137438954120,Forum,2199023255608,Person
274877907593,Forum,2199023255608,Person
68719477386,Forum,2199023255608,Person
206158430859,Forum,2199023255608,Person
652,Forum,143,Person
653,Forum,174,Person
137438954128,Forum,174,Person
137438954129,Forum,174,Person
137438954130,Forum,174,Person
274877907603,Forum,174,Person
137438954132,Forum,174,Person
137438954133,Forum,174,Person
274877907606,Forum,174,Person
663,Forum,174,Person
206158430872,Forum,174,Person
68719477401,Forum,2199023255757,Person
274877907610,Forum,8796093022216,Person
274877907611,Forum,8796093022216,Person
274877907612,Forum,8796093022216,Person
274877907613,Forum,8796093022216,Person
274877907614,Forum,8796093022216,Person
206158430879,Forum,6597069766708,Person
343597384352,Forum,6597069766708,Person
274877907617,Forum,6597069766708,Person
343597384354,Forum,6597069766708,Person
274877907619,Forum,6597069766708,Person
274877907620,Forum,6597069766708,Person
274877907621,Forum,6597069766708,Person
206158430886,Forum,6597069766823,Person
206158430887,Forum,6597069766888,Person
206158430888,Forum,6597069766888,Person
206158430889,Forum,6597069766888,Person
206158430890,Forum,6597069766888,Person
343597384364,Forum,6597069766888,Person
343597384365,Forum,10995116277919,Person
343597384366,Forum,10995116277919,Person
68719477423,Forum,2199023255780,Person
690,Forum,42,Person
137438954163,Forum,42,Person
137438954164,Forum,42,Person
343597384374,Forum,42,Person
206158430903,Forum,42,Person
68719477432,Forum,42,Person
137438954169,Forum,42,Person
274877907642,Forum,42,Person
274877907643,Forum,42,Person
206158430908,Forum,42,Person
137438954173,Forum,4398046511152,Person
206158430910,Forum,4398046511152,Person
206158430911,Forum,4398046511152,Person
137438954176,Forum,4398046511293,Person
137438954177,Forum,4398046511318,Person
137438954178,Forum,4398046511331,Person
343597384387,Forum,4398046511331,Person
274877907652,Forum,4398046511331,Person
206158430917,Forum,4398046511331,Person
343597384390,Forum,4398046511331,Person
274877907657,Forum,4398046511331,Person
68719477454,Forum,2199023255634,Person
206158430927,Forum,2199023255634,Person
68719477456,Forum,2199023255634,Person
68719477457,Forum,2199023255634,Person
274877907666,Forum,2199023255634,Person
206158430931,Forum,2199023255634,Person
68719477460,Forum,2199023255634,Person
137438954197,Forum,2199023255634,Person
68719477463,Forum,2199023255634,Person
343597384408,Forum,2199023255634,Person
343597384409,Forum,2199023255634,Person
68719477468,Forum,2199023255690,Person
68719477469,Forum,2199023255690,Person
206158430942,Forum,2199023255690,Person
206158430943,Forum,2199023255690,Person
343597384416,Forum,2199023255690,Person
68719477473,Forum,2199023255690,Person
206158430946,Forum,2199023255690,Person
274877907683,Forum,2199023255690,Person
206158430948,Forum,2199023255690,Person
274877907686,Forum,2199023255690,Person
68719477479,Forum,2199023255794,Person
206158430952,Forum,6597069766661,Person
343597384426,Forum,6597069766661,Person
274877907691,Forum,6597069766661,Person
343597384428,Forum,6597069766661,Person
274877907693,Forum,6597069766661,Person
343597384430,Forum,10995116278010,Person
753,Forum,11,Person
137438954226,Forum,4398046511325,Person
343597384435,Forum,10995116277810,Person
756,Forum,137,Person
137438954229,Forum,137,Person
137438954230,Forum,4398046511128,Person
137438954231,Forum,4398046511275,Person
274877907704,Forum,8796093022265,Person
274877907707,Forum,8796093022308,Person
68719477500,Forum,2199023255617,Person
137438954237,Forum,4398046511230,Person
206158430974,Forum,6597069766862,Person
343597384447,Forum,10995116277959,Person
768,Forum,77,Person
68719477505,Forum,2199023255747,Person
274877907714,Forum,2199023255747,Person
206158430979,Forum,2199023255747,Person
137438954244,Forum,2199023255747,Person
343597384453,Forum,2199023255747,Person
206158430982,Forum,2199023255747,Person
274877907719,Forum,2199023255747,Person
137438954248,Forum,2199023255747,Person
274877907721,Forum,2199023255747,Person
274877907722,Forum,2199023255747,Person
343597384459,Forum,10995116277885,Person
780,Forum,97,Person
274877907725,Forum,97,Person
68719477518,Forum,97,Person
206158430991,Forum,97,Person
784,Forum,97,Person
68719477521,Forum,97,Person
343597384466,Forum,97,Person
206158430995,Forum,97,Person
788,Forum,97,Person
789,Forum,97,Person
343597384470,Forum,97,Person
791,Forum,97,Person
137438954264,Forum,4398046511262,Person
137438954265,Forum,4398046511352,Person
206158431002,Forum,6597069766780,Person
343597384476,Forum,6597069766780,Person
274877907741,Forum,6597069766780,Person
206158431006,Forum,6597069766780,Person
206158431007,Forum,6597069766780,Person
343597384480,Forum,10995116277948,Person
801,Forum,74,Person
137438954274,Forum,74,Person
206158431011,Forum,74,Person
137438954277,Forum,4398046511286,Person
206158431015,Forum,4398046511286,Person
137438954280,Forum,4398046511286,Person
206158431018,Forum,4398046511286,Person
206158431019,Forum,4398046511286,Person
137438954284,Forum,4398046511286,Person
343597384493,Forum,10995116277859,Person
343597384495,Forum,10995116277938,Person
816,Forum,247,Person
137438954289,Forum,4398046511107,Person
206158431026,Forum,4398046511107,Person
274877907763,Forum,4398046511107,Person
343597384500,Forum,4398046511107,Person
343597384501,Forum,4398046511107,Person
137438954295,Forum,4398046511107,Person
274877907768,Forum,4398046511107,Person
137438954300,Forum,4398046511191,Person
274877907773,Forum,4398046511191,Person
343597384510,Forum,4398046511191,Person
343597384511,Forum,4398046511191,Person
137438954304,Forum,4398046511191,Person
343597384513,Forum,4398046511191,Person
274877907778,Forum,4398046511191,Person
343597384515,Forum,4398046511191,Person
206158431045,Forum,6597069766796,Person
838,Forum,219,Person
206158431047,Forum,219,Person
68719477576,Forum,219,Person
343597384521,Forum,219,Person
137438954314,Forum,219,Person
206158431051,Forum,219,Person
68719477580,Forum,219,Person
68719477581,Forum,219,Person
274877907792,Forum,219,Person
137438954321,Forum,4398046511317,Person
343597384530,Forum,4398046511317,Person
343597384531,Forum,4398046511317,Person
274877907796,Forum,4398046511317,Person
206158431061,Forum,4398046511317,Person
343597384535,Forum,4398046511317,Person
274877907800,Forum,8796093022253,Person
206158431066,Forum,6597069766825,Person
206158431068,Forum,6597069766825,Person
206158431071,Forum,6597069766842,Person
274877907808,Forum,6597069766842,Person
274877907809,Forum,6597069766842,Person
274877907810,Forum,6597069766842,Person
206158431075,Forum,6597069766842,Person
274877907813,Forum,8796093022239,Person
274877907814,Forum,8796093022239,Person
274877907815,Forum,8796093022239,Person
343597384552,Forum,8796093022239,Person
873,Forum,229,Person
206158431082,Forum,229,Person
343597384555,Forum,229,Person
137438954348,Forum,229,Person
68719477613,Forum,229,Person
274877907822,Forum,229,Person
206158431087,Forum,229,Person
274877907825,Forum,229,Person
68719477618,Forum,229,Person
883,Forum,229,Person
274877907828,Forum,8796093022277,Person
206158431096,Forum,6597069766879,Person
343597384569,Forum,6597069766879,Person
343597384572,Forum,6597069766879,Person
274877907837,Forum,6597069766879,Person
274877907838,Forum,8796093022380,Person
343597384576,Forum,8796093022380,Person
343597384578,Forum,10995116277986,Person
206158431108,Forum,6597069766833,Person
901,Forum,151,Person
206158431110,Forum,151,Person
903,Forum,151,Person
206158431112,Forum,151,Person
905,Forum,151,Person
206158431114,Forum,151,Person
68719477643,Forum,151,Person
343597384588,Forum,151,Person
68719477645,Forum,151,Person
206158431118,Forum,151,Person
911,Forum,151,Person
68719477648,Forum,151,Person
913,Forum,151,Person
914,Forum,154,Person
206158431123,Forum,154,Person
274877907860,Forum,154,Person
68719477653,Forum,154,Person
918,Forum,154,Person
206158431127,Forum,154,Person
274877907864,Forum,154,Person
343597384601,Forum,154,Person
343597384602,Forum,154,Person
343597384603,Forum,154,Person
274877907868,Forum,154,Person
68719477661,Forum,2199023255616,Person
206158431134,Forum,6597069766787,Person
274877907871,Forum,6597069766787,Person
274877907873,Forum,6597069766787,Person
343597384610,Forum,6597069766787,Person
274877907875,Forum,6597069766787,Person
343597384615,Forum,6597069766787,Person
274877907880,Forum,8796093022415,Person
274877907881,Forum,8796093022445,Person
343597384618,Forum,8796093022445,Person
343597384619,Forum,8796093022445,Person
68719477676,Forum,2199023255581,Person
274877907885,Forum,2199023255581,Person
274877907886,Forum,2199023255581,Person
274877907887,Forum,2199023255581,Person
343597384624,Forum,2199023255581,Person
206158431153,Forum,2199023255581,Person
137438954418,Forum,2199023255581,Person
343597384627,Forum,2199023255581,Person
137438954421,Forum,4398046511232,Person
206158431158,Forum,4398046511232,Person
274877907895,Forum,4398046511232,Person
137438954425,Forum,4398046511232,Person
274877907898,Forum,4398046511232,Person
343597384635,Forum,4398046511232,Person
343597384636,Forum,4398046511232,Person
343597384637,Forum,4398046511232,Person
68719477694,Forum,2199023255714,Person
206158431167,Forum,6597069766848,Person
274877907904,Forum,8796093022247,Person
343597384641,Forum,8796093022247,Person
274877907906,Forum,8796093022247,Person
