start_id,start_vertex_type,end_id,end_vertex_type,creationDate
4398046511193,Person,4398046511326,Person,1278777892244
4398046511193,Person,6597069766770,Person,1280169318754
4398046511193,Person,6597069766795,Person,1282684718728
4398046511193,Person,6597069766862,Person,1282718610491
4398046511193,Person,8796093022233,Person,1288005054276
4398046511193,Person,8796093022405,Person,1285751128780
6597069766747,Person,6597069766776,Person,1281669859209
6597069766747,Person,10995116277795,Person,1290112822743
2199023255712,Person,4398046511147,Person,1277035126396
2199023255712,Person,4398046511221,Person,1278611235632
2199023255712,Person,4398046511334,Person,1277697920776
2199023255712,Person,6597069766661,Person,1281782688946
2199023255712,Person,6597069766754,Person,1283911254722
2199023255712,Person,6597069766776,Person,1283012891202
2199023255712,Person,8796093022249,Person,1284415383392
2199023255712,Person,8796093022358,Person,1287547505016
4398046511125,Person,6597069766702,Person,1279321450011
4398046511125,Person,8796093022249,Person,1283672315323
4398046511125,Person,8796093022301,Person,1284291345329
4398046511125,Person,8796093022302,Person,1285234251369
2199023255635,Person,4398046511114,Person,1278536386093
4398046511221,Person,4398046511240,Person,1279996793849
4398046511221,Person,4398046511328,Person,1277824333497
4398046511221,Person,6597069766723,Person,1281102270903
4398046511221,Person,6597069766776,Person,1283079783463
4398046511221,Person,6597069766787,Person,1280802830297
4398046511221,Person,8796093022301,Person,1284777222535
4398046511221,Person,8796093022321,Person,1287569943159
4398046511221,Person,10995116277919,Person,1289485269403
4398046511257,Person,6597069766770,Person,1279995596678
196,Person,4398046511328,Person,1274774972545
196,Person,10995116277919,Person,1290455852301
196,Person,10995116277993,Person,1289454260761
6597069766764,Person,10995116277919,Person,1290047783316
4398046511269,Person,4398046511352,Person,1276020847027
4398046511269,Person,6597069766673,Person,1279902532428
4398046511269,Person,6597069766709,Person,1281453863842
4398046511269,Person,8796093022249,Person,1284343248548
4398046511269,Person,8796093022391,Person,1283291102793
4398046511269,Person,8796093022405,Person,1287752917964
4398046511269,Person,10995116277993,Person,1290384712789
4398046511344,Person,8796093022453,Person,1285369522380
4398046511344,Person,10995116277892,Person,1289667915683
6597069766760,Person,8796093022391,Person,1284007485033
6597069766760,Person,10995116277919,Person,1289175557080
6597069766813,Person,8796093022391,Person,1284399808975
51,Person,10995116277919,Person,1289052824053
2199023255731,Person,2199023255743,Person,1271946494396
2199023255731,Person,6597069766862,Person,1284104285219
4398046511106,Person,4398046511334,Person,1278396764016
4398046511106,Person,6597069766661,Person,1281136874764
4398046511106,Person,6597069766770,Person,1280214117688
4398046511106,Person,6597069766795,Person,1283005223528
4398046511106,Person,8796093022358,Person,1288468224402
4398046511106,Person,8796093022405,Person,1287110431847
4398046511106,Person,10995116277892,Person,1288174467745
4398046511106,Person,10995116277993,Person,1289591802357
4398046511316,Person,4398046511334,Person,1276992260410
4398046511316,Person,6597069766787,Person,1282900658035
8796093022240,Person,8796093022358,Person,1288572991986
8796093022240,Person,8796093022415,Person,1285411231852
2199023255768,Person,2199023255780,Person,1271407241271
2199023255768,Person,4398046511110,Person,1273462326048
2199023255768,Person,4398046511269,Person,1273228064920
2199023255768,Person,4398046511298,Person,1273781716795
2199023255768,Person,6597069766673,Person,1281367520352
2199023255768,Person,6597069766747,Person,1280934257302
2199023255768,Person,6597069766770,Person,1279839963540
2199023255768,Person,6597069766862,Person,1282996824952
2199023255768,Person,6597069766897,Person,1283307439386
2199023255768,Person,8796093022233,Person,1288945956251
2199023255768,Person,8796093022249,Person,1285226496933
2199023255768,Person,8796093022358,Person,1288204644777
2199023255768,Person,8796093022364,Person,1282958661224
2199023255768,Person,10995116278010,Person,1288990737112
4398046511225,Person,4398046511334,Person,1278522129977
4398046511225,Person,6597069766661,Person,1281202842666
4398046511225,Person,8796093022358,Person,1288457524939
4398046511225,Person,10995116277892,Person,1288383131680
4398046511225,Person,10995116277919,Person,1289196860050
2199023255613,Person,2199023255630,Person,1273344828103
2199023255613,Person,4398046511269,Person,1272916255358
2199023255613,Person,4398046511293,Person,1275111717969
2199023255613,Person,8796093022233,Person,1289048995055
2199023255613,Person,8796093022240,Person,1285006062446
2199023255613,Person,8796093022405,Person,1287963913873
2199023255622,Person,2199023255630,Person,1270678946817
2199023255622,Person,4398046511232,Person,1273134830405
8796093022405,Person,8796093022415,Person,1287077522693
8796093022405,Person,10995116277892,Person,1288090013011
109,Person,2199023255630,Person,1268458741063
109,Person,4398046511328,Person,1274806287492
235,Person,2199023255747,Person,1269495388733
235,Person,6597069766795,Person,1281561574637
235,Person,6597069766862,Person,1283245837009
235,Person,10995116277919,Person,1290336118914
8796093022223,Person,8796093022253,Person,1284627727271
8796093022223,Person,10995116277892,Person,1289120722077
10995116277795,Person,10995116277938,Person,1290560261044
86,Person,6597069766770,Person,1279918844038
2199023255754,Person,10995116277993,Person,1289408924858
103,Person,144,Person,1265333297464
103,Person,229,Person,1268755084867
103,Person,2199023255581,Person,1272504473458
103,Person,2199023255747,Person,1269080969633
103,Person,2199023255754,Person,1271097260898
103,Person,2199023255768,Person,1270240536264
103,Person,4398046511106,Person,1278342969553
103,Person,4398046511114,Person,1279237022866
103,Person,4398046511147,Person,1278016259235
103,Person,4398046511269,Person,1274454154114
103,Person,4398046511317,Person,1277282008059
103,Person,4398046511322,Person,1276159212262
103,Person,6597069766673,Person,1279420223986
103,Person,6597069766709,Person,1280759491529
103,Person,8796093022349,Person,1284726514312
103,Person,10995116277993,Person,1289666541749
2199023255713,Person,2199023255743,Person,1272375901218
2199023255713,Person,4398046511134,Person,1276309826560
2199023255713,Person,6597069766770,Person,1279031046258
2199023255713,Person,6597069766776,Person,1282282926918
2199023255713,Person,8796093022249,Person,1284868749055
6597069766682,Person,8796093022358,Person,1287834698945
6597069766832,Person,8796093022233,Person,1289836946586
7,Person,74,Person,1268092302175
6597069766723,Person,6597069766748,Person,1283857438836
6597069766723,Person,6597069766757,Person,1281563181845
6597069766723,Person,6597069766770,Person,1281910625453
6597069766723,Person,6597069766832,Person,1281529964007
6597069766723,Person,6597069766836,Person,1281251708304
6597069766723,Person,8796093022380,Person,1286596204569
6597069766723,Person,10995116277919,Person,1289454936788
8796093022301,Person,8796093022364,Person,1285595427498
8796093022301,Person,10995116277795,Person,1289745605902
239,Person,2199023255581,Person,1274291719125
239,Person,2199023255613,Person,1274151749488
239,Person,2199023255616,Person,1267703814666
239,Person,2199023255630,Person,1269568537296
239,Person,2199023255747,Person,1271251053852
239,Person,2199023255757,Person,1271948636215
239,Person,4398046511226,Person,1276121493904
239,Person,4398046511232,Person,1274265493451
239,Person,4398046511269,Person,1273707025363
239,Person,4398046511317,Person,1277185944756
239,Person,4398046511334,Person,1277216258850
239,Person,6597069766675,Person,1280870785928
239,Person,6597069766709,Person,1280112682970
239,Person,8796093022233,Person,1289393590200
239,Person,8796093022391,Person,1283840307352
239,Person,8796093022405,Person,1286711144352
239,Person,8796093022415,Person,1286482507407
239,Person,8796093022453,Person,1286400705568
239,Person,10995116277892,Person,1289051089136
6597069766735,Person,10995116277919,Person,1290468535669
2199023255590,Person,4398046511328,Person,1275250762593
2199023255590,Person,6597069766748,Person,1282439196706
2199023255590,Person,6597069766770,Person,1279351946859
2199023255670,Person,4398046511147,Person,1277371253026
2199023255670,Person,4398046511334,Person,1276222739136
2199023255743,Person,4398046511107,Person,1276815507499
2199023255743,Person,4398046511114,Person,1279709373738
2199023255743,Person,4398046511221,Person,1279240204284
2199023255743,Person,4398046511240,Person,1278305961844
2199023255743,Person,4398046511298,Person,1274768977921
2199023255743,Person,4398046511328,Person,1275507705155
2199023255743,Person,4398046511334,Person,1277232189000
2199023255743,Person,4398046511352,Person,1276952583328
2199023255743,Person,6597069766657,Person,1280515010766
2199023255743,Person,6597069766754,Person,1283660569282
2199023255743,Person,6597069766760,Person,1278196815422
2199023255743,Person,6597069766776,Person,1280758784784
2199023255743,Person,6597069766888,Person,1280059524840
2199023255743,Person,6597069766897,Person,1285045814464
2199023255743,Person,8796093022249,Person,1284358727839
2199023255743,Person,8796093022277,Person,1283520069052
2199023255743,Person,8796093022327,Person,1286356027391
2199023255743,Person,10995116278010,Person,1288900072944
4398046511163,Person,6597069766770,Person,1279227682856
4398046511163,Person,6597069766862,Person,1283463854184
4398046511163,Person,8796093022391,Person,1283116076070
4398046511326,Person,6597069766723,Person,1280908585445
4398046511326,Person,6597069766776,Person,1281681940915
6597069766900,Person,8796093022358,Person,1289796819473
4398046511298,Person,4398046511326,Person,1275950985064
4398046511298,Person,4398046511328,Person,1274207956530
4398046511298,Person,4398046511334,Person,1276497687399
4398046511298,Person,6597069766661,Person,1282115439366
4398046511298,Person,6597069766673,Person,1280127554721
4398046511298,Person,6597069766770,Person,1278863064549
4398046511298,Person,6597069766832,Person,1281937248277
4398046511298,Person,6597069766862,Person,1285006191878
4398046511298,Person,8796093022233,Person,1289410321826
4398046511298,Person,8796093022249,Person,1284994209313
4398046511298,Person,8796093022253,Person,1284601175496
4398046511298,Person,8796093022358,Person,1289126893162
4398046511298,Person,10995116277892,Person,1289358919611
8796093022391,Person,8796093022405,Person,1285688528826
8796093022391,Person,8796093022415,Person,1286813842809
8796093022391,Person,10995116277993,Person,1289100635693
2199023255556,Person,10995116278010,Person,1290117649812
4398046511110,Person,4398046511328,Person,1275338356992
4398046511110,Person,6597069766747,Person,1279647458551
4398046511110,Person,8796093022391,Person,1282969672783
4398046511334,Person,6597069766661,Person,1281965550799
4398046511334,Person,6597069766673,Person,1280106918164
4398046511334,Person,6597069766675,Person,1280176360628
4398046511334,Person,6597069766708,Person,1281543780973
4398046511334,Person,6597069766723,Person,1280273240791
4398046511334,Person,6597069766770,Person,1280539725470
4398046511334,Person,6597069766776,Person,1281036177770
4398046511334,Person,6597069766787,Person,1280534040121
4398046511334,Person,6597069766796,Person,1283409339791
4398046511334,Person,6597069766813,Person,1280870241080
4398046511334,Person,6597069766820,Person,1283333989668
4398046511334,Person,6597069766900,Person,1283190333996
4398046511334,Person,8796093022236,Person,1285518210769
4398046511334,Person,8796093022240,Person,1284461054838
4398046511334,Person,8796093022249,Person,1285001773556
4398046511334,Person,8796093022265,Person,1289242608685
4398046511334,Person,8796093022349,Person,1287167259065
4398046511334,Person,8796093022391,Person,1284251676299
4398046511334,Person,8796093022405,Person,1285749014143
4398046511334,Person,8796093022415,Person,1286087461428
4398046511334,Person,10995116277892,Person,1288528522755
4398046511334,Person,10995116277919,Person,1290670426514
4398046511334,Person,10995116277986,Person,1290657830362
6597069766748,Person,6597069766833,Person,1283083907214
6597069766748,Person,8796093022376,Person,1285753863795
6597069766748,Person,10995116277810,Person,1289791396595
6597069766748,Person,10995116277919,Person,1290134148054
8796093022233,Person,8796093022240,Person,1288767498489
8796093022233,Person,8796093022391,Person,1289368976560
8796093022233,Person,10995116277795,Person,1290306155255
8796093022233,Person,10995116277948,Person,1290680773429
8796093022327,Person,8796093022376,Person,1288046529010
8796093022327,Person,10995116277919,Person,1289174103136
2199023255630,Person,2199023255635,Person,1272995424647
2199023255630,Person,2199023255694,Person,1269521789654
2199023255630,Person,2199023255718,Person,1268609406815
2199023255630,Person,2199023255757,Person,1273081410464
2199023255630,Person,4398046511113,Person,1274472923721
2199023255630,Person,4398046511125,Person,1274737145457
2199023255630,Person,4398046511134,Person,1277366829806
2199023255630,Person,4398046511137,Person,1276614062217
2199023255630,Person,4398046511232,Person,1273701615580
2199023255630,Person,4398046511269,Person,1274439289257
2199023255630,Person,4398046511293,Person,1274283487413
2199023255630,Person,4398046511322,Person,1275499807963
2199023255630,Person,4398046511352,Person,1277535847812
2199023255630,Person,6597069766661,Person,1282056185796
2199023255630,Person,6597069766748,Person,1282129323307
2199023255630,Person,6597069766754,Person,1281600727842
2199023255630,Person,8796093022221,Person,1286115870405
2199023255630,Person,8796093022236,Person,1285006702398
2199023255630,Person,8796093022240,Person,1282936289651
2199023255630,Person,8796093022265,Person,1287559156074
2199023255630,Person,8796093022327,Person,1286997733266
2199023255630,Person,8796093022358,Person,1289167160248
2199023255630,Person,8796093022360,Person,1286119669427
2199023255630,Person,8796093022364,Person,1283863882746
2199023255630,Person,8796093022376,Person,1285901964518
2199023255630,Person,8796093022391,Person,1282931237823
2199023255630,Person,10995116277845,Person,1290542832828
4398046511184,Person,8796093022249,Person,1285441411126
8796093022364,Person,10995116277795,Person,1290662762558
8796093022364,Person,10995116277828,Person,1290646622371
2199023255575,Person,2199023255581,Person,1272416558834
2199023255575,Person,2199023255622,Person,1269897414307
2199023255575,Person,2199023255690,Person,1269136747533
2199023255575,Person,2199023255768,Person,1271769392403
2199023255575,Person,4398046511221,Person,1279949849019
2199023255575,Person,4398046511232,Person,1274318807630
2199023255575,Person,4398046511344,Person,1276133427781
2199023255575,Person,6597069766708,Person,1283585105822
2199023255575,Person,6597069766709,Person,1280707889109
2199023255575,Person,6597069766787,Person,1282110369430
2199023255575,Person,8796093022249,Person,1284825038239
2199023255575,Person,8796093022265,Person,1289128089855
2199023255575,Person,8796093022358,Person,1288027339418
2199023255575,Person,10995116277828,Person,1290647208205
2199023255575,Person,10995116277892,Person,1288850958949
2199023255575,Person,10995116277919,Person,1290525726975
4398046511240,Person,4398046511250,Person,1279627047316
4398046511240,Person,4398046511326,Person,1279856737882
4398046511240,Person,4398046511328,Person,1279205465588
4398046511240,Person,6597069766723,Person,1281514312988
4398046511240,Person,6597069766748,Person,1283130900092
4398046511240,Person,6597069766832,Person,1282219151779
4398046511240,Person,8796093022321,Person,1287056024879
2199023255718,Person,4398046511114,Person,1277942512098
6597069766776,Person,6597069766787,Person,1282296829340
6597069766776,Person,8796093022233,Person,1288617586184
6597069766776,Person,8796093022240,Person,1283752185855
6597069766776,Person,8796093022391,Person,1282784928244
6597069766776,Person,10995116277845,Person,1288859692884
6597069766776,Person,10995116277885,Person,1290360004460
95,Person,2199023255630,Person,1270201185293
95,Person,2199023255743,Person,1269067958543
95,Person,4398046511148,Person,1279028183473
95,Person,4398046511240,Person,1277945622835
95,Person,4398046511298,Person,1273724810854
95,Person,4398046511328,Person,1274531340251
95,Person,4398046511334,Person,1278543378647
95,Person,8796093022249,Person,1284424263825
95,Person,10995116278010,Person,1289089914701
4398046511114,Person,4398046511148,Person,1278315052834
4398046511114,Person,4398046511152,Person,1278455745825
4398046511114,Person,4398046511163,Person,1278998913234
4398046511114,Person,4398046511328,Person,1278752743740
4398046511114,Person,4398046511334,Person,1277975062647
4398046511114,Person,6597069766693,Person,1280650064862
4398046511114,Person,6597069766708,Person,1283914754428
4398046511114,Person,6597069766747,Person,1281695337765
4398046511114,Person,6597069766754,Person,1281892110091
4398046511114,Person,6597069766757,Person,1281077504758
4398046511114,Person,6597069766760,Person,1279899601657
4398046511114,Person,6597069766787,Person,1281811917128
4398046511114,Person,6597069766862,Person,1284988005437
4398046511114,Person,6597069766897,Person,1283546712965
4398046511114,Person,8796093022239,Person,1285464356529
4398046511114,Person,8796093022249,Person,1285624119352
4398046511114,Person,8796093022253,Person,1284108641578
4398046511114,Person,8796093022314,Person,1288795958996
4398046511114,Person,8796093022319,Person,1286411014290
4398046511114,Person,8796093022321,Person,1287294613124
4398046511114,Person,8796093022376,Person,1284226614052
4398046511114,Person,8796093022391,Person,1283136226020
4398046511114,Person,10995116277892,Person,1290092976428
4398046511114,Person,10995116277919,Person,1289591558091
6597069766673,Person,6597069766709,Person,1279387773221
2199023255755,Person,4398046511134,Person,1276417719458
2199023255755,Person,4398046511328,Person,1275280618548
2199023255755,Person,6597069766795,Person,1281471933712
2199023255755,Person,6597069766862,Person,1284816135484
8796093022454,Person,10995116277892,Person,1290212105454
6597069766693,Person,10995116277919,Person,1290358884185
8796093022376,Person,8796093022391,Person,1285827339935
112,Person,4398046511110,Person,1273947344510
4398046511147,Person,4398046511225,Person,1277970172698
4398046511147,Person,4398046511317,Person,1277524323988
4398046511147,Person,4398046511352,Person,1276982245779
4398046511147,Person,6597069766661,Person,1283392405727
4398046511147,Person,6597069766735,Person,1279239189524
4398046511147,Person,6597069766764,Person,1281778553125
4398046511147,Person,6597069766787,Person,1282818381761
4398046511147,Person,6597069766795,Person,1281749134414
4398046511147,Person,6597069766829,Person,1280777904900
4398046511147,Person,6597069766833,Person,1279443693079
4398046511147,Person,6597069766862,Person,1283687852624
4398046511147,Person,8796093022236,Person,1284461259739
4398046511147,Person,8796093022249,Person,1286116482275
4398046511147,Person,8796093022253,Person,1283178413516
4398046511147,Person,8796093022289,Person,1286936240084
4398046511147,Person,8796093022341,Person,1288736611871
4398046511147,Person,8796093022358,Person,1288453064660
4398046511147,Person,8796093022391,Person,1282840626169
4398046511147,Person,8796093022405,Person,1286311963488
4398046511147,Person,10995116277892,Person,1289982414039
6597069766770,Person,6597069766836,Person,1280794321747
6597069766770,Person,6597069766862,Person,1282532580978
6597069766770,Person,8796093022216,Person,1284526227571
6597069766770,Person,8796093022253,Person,1285069210240
6597069766770,Person,8796093022289,Person,1287248910969
6597069766770,Person,8796093022391,Person,1283035669748
6597069766770,Person,10995116277938,Person,1290086101653
6597069766820,Person,8796093022358,Person,1287728701586
2199023255700,Person,4398046511114,Person,1279614016560
2199023255700,Person,4398046511147,Person,1278149630920
2199023255700,Person,4398046511233,Person,1275055924213
2199023255700,Person,4398046511240,Person,1279082621543
2199023255700,Person,10995116277795,Person,1290164588891
2199023255790,Person,4398046511328,Person,1274275804594
2199023255790,Person,6597069766723,Person,1281009144021
2199023255790,Person,6597069766770,Person,1279763309058
6597069766702,Person,6597069766787,Person,1282173468898
6597069766702,Person,8796093022249,Person,1283930011027
6597069766702,Person,8796093022358,Person,1288655420902
8796093022453,Person,10995116277795,Person,1290635190854
8796093022453,Person,10995116277919,Person,1289977874213
8796093022453,Person,10995116277993,Person,1290192490317
10995116277807,Person,10995116277892,Person,1290537248735
4398046511134,Person,4398046511240,Person,1278895367063
4398046511134,Person,4398046511262,Person,1277063485830
4398046511134,Person,4398046511328,Person,1276602497209
4398046511134,Person,6597069766709,Person,1280947295413
4398046511134,Person,6597069766776,Person,1280967067055
4398046511134,Person,6597069766795,Person,1282805135192
4398046511134,Person,6597069766836,Person,1281960986349
6597069766754,Person,6597069766787,Person,1281909774084
6597069766754,Person,8796093022327,Person,1288517655825
8796093022249,Person,8796093022301,Person,1284946703921
8796093022249,Person,8796093022364,Person,1285170641121
8796093022249,Person,10995116277795,Person,1290329106386
6597069766709,Person,6597069766813,Person,1281837036170
6597069766709,Person,8796093022249,Person,1286165993264
6597069766709,Person,8796093022415,Person,1287018262370
6597069766709,Person,10995116277892,Person,1290020445068
6597069766709,Person,10995116277919,Person,1289938983200
6597069766709,Person,10995116277993,Person,1289831127820
6597069766795,Person,8796093022233,Person,1290033768408
6597069766795,Person,8796093022391,Person,1284213469577
6597069766795,Person,8796093022405,Person,1286357433471
6597069766795,Person,10995116278010,Person,1289869268802
60,Person,137,Person,1269008222885
60,Person,2199023255630,Person,1269288435904
60,Person,2199023255675,Person,1272460474752
60,Person,2199023255694,Person,1268821683998
60,Person,4398046511163,Person,1276998632056
60,Person,4398046511293,Person,1275175372103
60,Person,6597069766693,Person,1280326613238
60,Person,8796093022358,Person,1289894524460
60,Person,8796093022391,Person,1284775353654
60,Person,10995116277892,Person,1289266019345
2199023255788,Person,4398046511125,Person,1274839876987
2199023255788,Person,4398046511226,Person,1275331196061
2199023255788,Person,4398046511334,Person,1277637452443
2199023255788,Person,6597069766661,Person,1282522618722
2199023255788,Person,8796093022391,Person,1283524634778
2199023255788,Person,10995116277919,Person,1290630434654
4398046511113,Person,10995116277993,Person,1289869882341
134,Person,144,Person,1266157273417
134,Person,6597069766661,Person,1281599458077
2199023255675,Person,2199023255718,Person,1272475419208
2199023255675,Person,4398046511148,Person,1278568766872
2199023255675,Person,4398046511334,Person,1277034081667
4398046511322,Person,6597069766661,Person,1281826040996
2199023255566,Person,4398046511147,Person,1277686566293
2199023255566,Person,10995116277892,Person,1288904804391
4398046511226,Person,4398046511233,Person,1275218492752
4398046511226,Person,4398046511269,Person,1275960180449
4398046511226,Person,4398046511298,Person,1273853509946
4398046511226,Person,4398046511328,Person,1274057324659
4398046511226,Person,4398046511334,Person,1277292004907
4398046511226,Person,6597069766675,Person,1281442329014
4398046511226,Person,6597069766723,Person,1281856530462
4398046511226,Person,6597069766770,Person,1280517858055
4398046511226,Person,6597069766813,Person,1279760422846
4398046511226,Person,6597069766820,Person,1282277027300
4398046511226,Person,6597069766836,Person,1280709052249
4398046511226,Person,6597069766888,Person,1279519131454
4398046511226,Person,8796093022253,Person,1283485795078
4398046511226,Person,8796093022289,Person,1286726661558
4398046511226,Person,8796093022349,Person,1286948539227
4398046511226,Person,8796093022358,Person,1288857472280
4398046511226,Person,8796093022360,Person,1287368342117
4398046511226,Person,10995116277993,Person,1289185980490
4398046511226,Person,10995116278010,Person,1289677870047
6597069766675,Person,8796093022349,Person,1286497474806
6597069766675,Person,8796093022358,Person,1289713614053
8796093022321,Person,8796093022380,Person,1287264168194
209,Person,4398046511137,Person,1275584516744
209,Person,4398046511334,Person,1276517241166
6597069766757,Person,6597069766862,Person,1284159997645
6597069766757,Person,8796093022302,Person,1284742129290
6597069766757,Person,8796093022391,Person,1282792442022
6597069766757,Person,8796093022453,Person,1286410162313
6597069766757,Person,10995116277795,Person,1290644978776
4398046511206,Person,4398046511334,Person,1277029704192
4398046511206,Person,6597069766862,Person,1282694332910
4398046511206,Person,8796093022391,Person,1284271447416
4398046511206,Person,8796093022405,Person,1285980863250
4398046511124,Person,4398046511334,Person,1278344541710
4398046511124,Person,8796093022358,Person,1288668527751
144,Person,154,Person,1267456810473
144,Person,239,Person,1263839074216
144,Person,2199023255556,Person,1269424520458
144,Person,2199023255630,Person,1269148498010
144,Person,2199023255743,Person,1269180396013
144,Person,2199023255754,Person,1269778035866
144,Person,2199023255794,Person,1272569602692
144,Person,4398046511106,Person,1276176093136
144,Person,4398046511114,Person,1279725314737
144,Person,4398046511147,Person,1277713907629
144,Person,4398046511206,Person,1275419843837
144,Person,4398046511286,Person,1275902256479
144,Person,4398046511334,Person,1278082483463
144,Person,6597069766661,Person,1281648401564
144,Person,6597069766776,Person,1282543488007
144,Person,6597069766795,Person,1282401033845
144,Person,6597069766842,Person,1280667666267
144,Person,6597069766862,Person,1284765028938
144,Person,8796093022239,Person,1285420702365
144,Person,8796093022253,Person,1283440972879
144,Person,8796093022349,Person,1285496591192
144,Person,8796093022358,Person,1289395343429
144,Person,8796093022391,Person,1283553972986
144,Person,8796093022405,Person,1285618369381
144,Person,10995116277845,Person,1289398968191
144,Person,10995116277892,Person,1287998935670
144,Person,10995116277948,Person,1290408509572
144,Person,10995116277993,Person,1289753636298
4398046511148,Person,4398046511233,Person,1279403714977
4398046511148,Person,4398046511240,Person,1277913938529
4398046511148,Person,4398046511328,Person,1277783545249
4398046511148,Person,6597069766693,Person,1280558583976
2199023255694,Person,2199023255700,Person,1272364949650
2199023255694,Person,2199023255713,Person,1272093970787
2199023255694,Person,4398046511125,Person,1275388189669
2199023255694,Person,4398046511134,Person,1277832970034
2199023255694,Person,4398046511147,Person,1275796811846
2199023255694,Person,4398046511322,Person,1275887042461
2199023255694,Person,4398046511326,Person,1274974320222
2199023255694,Person,6597069766776,Person,1282382587409
2199023255694,Person,6597069766795,Person,1281860253093
2199023255694,Person,6597069766862,Person,1284505856158
2199023255694,Person,8796093022233,Person,1289770594750
2199023255694,Person,8796093022327,Person,1287437500554
2199023255694,Person,8796093022349,Person,1285439844365
2199023255694,Person,8796093022454,Person,1283638511003
2199023255694,Person,10995116277795,Person,1289604182354
4398046511137,Person,4398046511328,Person,1274426555216
4398046511137,Person,4398046511334,Person,1276379512316
4398046511137,Person,8796093022327,Person,1286208616978
4398046511137,Person,10995116277867,Person,1290025021353
4398046511137,Person,10995116277919,Person,1288985528979
8796093022358,Person,8796093022453,Person,1288290713582
8796093022358,Person,10995116277993,Person,1289736343454
8796093022358,Person,10995116278010,Person,1289271479393
6597069766897,Person,8796093022249,Person,1284261946513
6597069766897,Person,8796093022358,Person,1289341385955
6597069766897,Person,10995116277919,Person,1290404539498
4398046511220,Person,4398046511298,Person,1274073448846
4398046511220,Person,4398046511328,Person,1275973795646
4398046511220,Person,10995116277919,Person,1290674919472
4398046511328,Person,6597069766709,Person,1279333313689
4398046511328,Person,6597069766723,Person,1282722434270
4398046511328,Person,6597069766748,Person,1283185376193
4398046511328,Person,6597069766770,Person,1279677098325
4398046511328,Person,6597069766848,Person,1279180157322
4398046511328,Person,8796093022239,Person,1285293084489
4398046511328,Person,8796093022283,Person,1286754172851
4398046511328,Person,8796093022321,Person,1286002001080
4398046511328,Person,8796093022341,Person,1287037527591
4398046511328,Person,8796093022405,Person,1285846935952
4398046511328,Person,10995116277859,Person,1290411806519
4398046511328,Person,10995116277919,Person,1289029440933
8796093022349,Person,8796093022358,Person,1289393109253
8796093022349,Person,8796093022453,Person,1286486152531
8796093022349,Person,10995116277993,Person,1289325029472
2199023255783,Person,4398046511226,Person,1274862425143
6597069766829,Person,8796093022249,Person,1285726378947
6597069766829,Person,8796093022302,Person,1284731929366
6597069766657,Person,6597069766770,Person,1279778671461
6597069766657,Person,8796093022391,Person,1282672915940
4398046511233,Person,4398046511328,Person,1275530122013
4398046511233,Person,6597069766770,Person,1278749333901
4398046511233,Person,8796093022321,Person,1285898000413
4398046511233,Person,10995116277859,Person,1290421059814
2199023255757,Person,4398046511293,Person,1273433648553
2199023255757,Person,8796093022358,Person,1288936352778
2199023255757,Person,8796093022415,Person,1286446057016
8796093022216,Person,10995116277919,Person,1289554261245
6597069766708,Person,8796093022249,Person,1284611032222
6597069766708,Person,8796093022391,Person,1284044498903
6597069766823,Person,8796093022391,Person,1284963781473
6597069766823,Person,10995116277892,Person,1288727843120
2199023255780,Person,2199023255790,Person,1271387859366
2199023255780,Person,4398046511134,Person,1275877380278
2199023255780,Person,4398046511328,Person,1274999856101
2199023255780,Person,6597069766723,Person,1280154971746
2199023255780,Person,6597069766770,Person,1279651019011
42,Person,144,Person,1267781946984
42,Person,2199023255613,Person,1272373600443
42,Person,2199023255630,Person,1268458741063
42,Person,2199023255743,Person,1270623309198
42,Person,4398046511114,Person,1278943378030
42,Person,4398046511147,Person,1276183292667
42,Person,4398046511221,Person,1278454658464
42,Person,6597069766723,Person,1280205008464
42,Person,6597069766748,Person,1282078349260
42,Person,8796093022233,Person,1288072485451
4398046511152,Person,6597069766661,Person,1281662431814
4398046511152,Person,10995116277919,Person,1289041720761
4398046511293,Person,4398046511352,Person,1277685908148
4398046511293,Person,6597069766661,Person,1281185395690
4398046511293,Person,6597069766673,Person,1280238339149
4398046511293,Person,8796093022358,Person,1288307751026
4398046511293,Person,8796093022391,Person,1283670370853
4398046511293,Person,8796093022405,Person,1285759338062
4398046511293,Person,8796093022415,Person,1286343325486
4398046511293,Person,10995116277892,Person,1290260097230
2199023255634,Person,2199023255743,Person,1269586899317
2199023255634,Person,4398046511250,Person,1276017300369
2199023255634,Person,4398046511334,Person,1276871833686
2199023255634,Person,6597069766787,Person,1281446913341
2199023255634,Person,6597069766842,Person,1280703612154
2199023255634,Person,6597069766888,Person,1280949160968
2199023255634,Person,8796093022233,Person,1290114526658
2199023255634,Person,8796093022360,Person,1288095324399
2199023255634,Person,10995116277867,Person,1289701207182
2199023255690,Person,2199023255712,Person,1270294215339
2199023255690,Person,4398046511221,Person,1279847037511
2199023255690,Person,4398046511352,Person,1275886997998
2199023255690,Person,6597069766757,Person,1280226835778
2199023255690,Person,6597069766780,Person,1279577015178
2199023255690,Person,6597069766787,Person,1282453506054
2199023255690,Person,8796093022301,Person,1284980854875
2199023255690,Person,8796093022302,Person,1285011444891
2199023255690,Person,8796093022453,Person,1285448895692
2199023255690,Person,10995116277919,Person,1290504056531
6597069766661,Person,6597069766673,Person,1281824257985
6597069766661,Person,6597069766675,Person,1281691213749
6597069766661,Person,6597069766708,Person,1281600939709
6597069766661,Person,6597069766710,Person,1282555446523
6597069766661,Person,6597069766747,Person,1282648940166
6597069766661,Person,6597069766770,Person,1283082872464
6597069766661,Person,6597069766776,Person,1282752206085
6597069766661,Person,6597069766787,Person,1282157225406
6597069766661,Person,6597069766796,Person,1284182068615
6597069766661,Person,6597069766823,Person,1281106346207
6597069766661,Person,6597069766888,Person,1281325276115
6597069766661,Person,8796093022221,Person,1285058316513
6597069766661,Person,8796093022233,Person,1288689177320
6597069766661,Person,8796093022265,Person,1289206444482
6597069766661,Person,8796093022327,Person,1288093853999
6597069766661,Person,8796093022341,Person,1288163983045
6597069766661,Person,8796093022349,Person,1285182690901
6597069766661,Person,8796093022358,Person,1288901837543
6597069766661,Person,10995116277795,Person,1289946290285
6597069766661,Person,10995116277919,Person,1289361331595
11,Person,8796093022405,Person,1287503497238
4398046511325,Person,4398046511328,Person,1276552885156
4398046511325,Person,6597069766760,Person,1278984476112
4398046511325,Person,8796093022327,Person,1287198668653
137,Person,2199023255581,Person,1274161962012
137,Person,2199023255613,Person,1273019842636
137,Person,2199023255630,Person,1269288435904
137,Person,2199023255743,Person,1269521243027
137,Person,4398046511226,Person,1274921827476
137,Person,4398046511293,Person,1274114480333
137,Person,6597069766661,Person,1282441096865
137,Person,6597069766747,Person,1281107243207
137,Person,6597069766787,Person,1281262554834
137,Person,6597069766888,Person,1278417088421
137,Person,8796093022223,Person,1284694019685
137,Person,8796093022233,Person,1287973331770
137,Person,8796093022240,Person,1284873347312
137,Person,8796093022253,Person,1282970641180
137,Person,8796093022360,Person,1286591804333
137,Person,8796093022391,Person,1283726727349
137,Person,10995116278010,Person,1290505290057
4398046511275,Person,4398046511328,Person,1274425170842
4398046511275,Person,6597069766787,Person,1281695721566
2199023255617,Person,2199023255690,Person,1270807803546
2199023255617,Person,2199023255743,Person,1271421061479
2199023255617,Person,4398046511226,Person,1274117999989
2199023255617,Person,4398046511286,Person,1274765424721
2199023255617,Person,4398046511344,Person,1275378706497
2199023255617,Person,6597069766661,Person,1282400667103
2199023255617,Person,6597069766787,Person,1282242539642
2199023255617,Person,8796093022302,Person,1284922504481
2199023255617,Person,8796093022453,Person,1285904475256
2199023255617,Person,10995116277807,Person,1288443580539
6597069766862,Person,8796093022233,Person,1288632657339
6597069766862,Person,10995116277892,Person,1288686847575
77,Person,151,Person,1267480779453
77,Person,229,Person,1267889385714
77,Person,247,Person,1268798357947
77,Person,2199023255575,Person,1269913675928
77,Person,2199023255630,Person,1268896606509
77,Person,2199023255713,Person,1271645962049
77,Person,4398046511232,Person,1273845754092
77,Person,4398046511298,Person,1274699104171
77,Person,4398046511328,Person,1274817429671
77,Person,4398046511334,Person,1276156139184
77,Person,6597069766661,Person,1280980125641
77,Person,6597069766709,Person,1281460973766
77,Person,6597069766776,Person,1282384958210
77,Person,6597069766795,Person,1282303016248
77,Person,8796093022358,Person,1288699821804
77,Person,8796093022391,Person,1283826740087
77,Person,10995116277919,Person,1289299684330
2199023255747,Person,4398046511106,Person,1278134542895
2199023255747,Person,4398046511113,Person,1275848548238
2199023255747,Person,4398046511147,Person,1276213913192
2199023255747,Person,4398046511286,Person,1276623779417
2199023255747,Person,4398046511293,Person,1275461204687
2199023255747,Person,4398046511322,Person,1277350746012
2199023255747,Person,6597069766661,Person,1281285861593
2199023255747,Person,6597069766795,Person,1281126308420
2199023255747,Person,8796093022302,Person,1283916066738
2199023255747,Person,8796093022349,Person,1284907009734
2199023255747,Person,8796093022376,Person,1284660781618
2199023255747,Person,8796093022391,Person,1284142230861
2199023255747,Person,8796093022405,Person,1286826878515
2199023255747,Person,10995116277993,Person,1289200260923
97,Person,4398046511328,Person,1274677365861
97,Person,6597069766748,Person,1282627972689
4398046511262,Person,4398046511328,Person,1275918537818
4398046511352,Person,6597069766661,Person,1280926399594
6597069766780,Person,10995116277892,Person,1288428467583
74,Person,2199023255690,Person,1268241955996
74,Person,2199023255712,Person,1271783472888
74,Person,2199023255743,Person,1271012508682
74,Person,4398046511221,Person,1279160064334
74,Person,4398046511334,Person,1277386575546
74,Person,6597069766747,Person,1281339958326
74,Person,6597069766862,Person,1283632220019
74,Person,6597069766888,Person,1279930740708
74,Person,8796093022216,Person,1283255970701
74,Person,10995116277892,Person,1289026949382
4398046511286,Person,6597069766661,Person,1282788307348
4398046511286,Person,8796093022301,Person,1284614387037
4398046511286,Person,8796093022358,Person,1288138870278
4398046511286,Person,10995116277919,Person,1289648945646
247,Person,2199023255575,Person,1270983124167
247,Person,4398046511125,Person,1275260185693
247,Person,4398046511147,Person,1277660063292
247,Person,6597069766661,Person,1281239156095
247,Person,6597069766702,Person,1278702784229
247,Person,6597069766829,Person,1280605590494
247,Person,8796093022223,Person,1284441756655
247,Person,8796093022249,Person,1285194423284
247,Person,8796093022280,Person,1288009637065
247,Person,8796093022301,Person,1284670579327
247,Person,8796093022358,Person,1287540350592
247,Person,10995116277919,Person,1289412684274
4398046511107,Person,8796093022327,Person,1286347375926
4398046511191,Person,4398046511328,Person,1274013143623
4398046511191,Person,6597069766787,Person,1282070318741
219,Person,4398046511147,Person,1277707237411
4398046511317,Person,6597069766709,Person,1281087880307
4398046511317,Person,6597069766813,Person,1279886481805
4398046511317,Person,10995116278010,Person,1288908051166
8796093022253,Person,10995116277892,Person,1289773987381
8796093022239,Person,8796093022391,Person,1285506878239
229,Person,247,Person,1268039058642
229,Person,2199023255575,Person,1271140894002
229,Person,2199023255713,Person,1271536640884
229,Person,2199023255747,Person,1270103718026
229,Person,2199023255768,Person,1271339455480
229,Person,4398046511147,Person,1275979747288
229,Person,6597069766833,Person,1279970482456
229,Person,8796093022358,Person,1288580721183
229,Person,10995116277993,Person,1288976992825
151,Person,154,Person,1268069961266
151,Person,229,Person,1267126413921
151,Person,247,Person,1266458118335
151,Person,2199023255575,Person,1269727992662
151,Person,2199023255634,Person,1267904436784
151,Person,2199023255690,Person,1268060725040
151,Person,2199023255743,Person,1269006589280
151,Person,2199023255768,Person,1270502152640
151,Person,4398046511137,Person,1274969606303
151,Person,4398046511147,Person,1276917854158
151,Person,4398046511250,Person,1276628495371
151,Person,4398046511334,Person,1277029819364
151,Person,6597069766787,Person,1282167925425
151,Person,6597069766829,Person,1282022792650
151,Person,6597069766842,Person,1279956371580
151,Person,8796093022221,Person,1284873937521
151,Person,8796093022223,Person,1285058492287
151,Person,8796093022301,Person,1285634099149
151,Person,8796093022319,Person,1286372630263
151,Person,8796093022358,Person,1287899871416
151,Person,8796093022453,Person,1285739288862
151,Person,10995116277795,Person,1290331787873
151,Person,10995116277892,Person,1288616194063
151,Person,10995116277919,Person,1290531879144
154,Person,196,Person,1269065552955
154,Person,247,Person,1268601968718
154,Person,2199023255556,Person,1270893623696
154,Person,2199023255675,Person,1272656001067
154,Person,2199023255712,Person,1271996791675
154,Person,2199023255714,Person,1272216159497
154,Person,2199023255718,Person,1270048466018
154,Person,2199023255755,Person,1270885896660
154,Person,4398046511124,Person,1274207517442
154,Person,4398046511137,Person,1275014196837
154,Person,4398046511148,Person,1278440262536
154,Person,4398046511184,Person,1274974604473
154,Person,4398046511191,Person,1273265240333
154,Person,4398046511206,Person,1277359709789
154,Person,4398046511233,Person,1274517723087
154,Person,4398046511286,Person,1275506296076
154,Person,4398046511328,Person,1275092358293
154,Person,4398046511334,Person,1278269640274
154,Person,6597069766661,Person,1280821420905
154,Person,6597069766693,Person,1280358652034
154,Person,6597069766770,Person,1279385323459
154,Person,6597069766795,Person,1281619511864
154,Person,6597069766836,Person,1281128360160
154,Person,8796093022240,Person,1284469032976
154,Person,8796093022249,Person,1284414675283
154,Person,8796093022265,Person,1288758426905
154,Person,8796093022301,Person,1284475447256
154,Person,8796093022364,Person,1282877261423
154,Person,10995116277810,Person,1290598462383
154,Person,10995116277993,Person,1289507730913
2199023255616,Person,4398046511334,Person,1277612470702
2199023255616,Person,8796093022391,Person,1283905646818
6597069766787,Person,8796093022221,Person,1286845494693
6597069766787,Person,8796093022247,Person,1286404866739
6597069766787,Person,8796093022319,Person,1287989892008
6597069766787,Person,8796093022358,Person,1288348985753
6597069766787,Person,8796093022453,Person,1284823009148
6597069766787,Person,10995116277795,Person,1289988282455
6597069766787,Person,10995116277892,Person,1289930713328
6597069766787,Person,10995116277919,Person,1290568076811
8796093022415,Person,10995116277919,Person,1289529473601
2199023255581,Person,2199023255754,Person,1272636720022
2199023255581,Person,2199023255757,Person,1273405202461
2199023255581,Person,4398046511147,Person,1278164006988
2199023255581,Person,4398046511232,Person,1275293893405
2199023255581,Person,4398046511269,Person,1272820435509
2199023255581,Person,6597069766673,Person,1280305664146
2199023255581,Person,6597069766709,Person,1279404759351
2199023255581,Person,8796093022349,Person,1285085805643
2199023255581,Person,8796093022391,Person,1283097770281
2199023255581,Person,8796093022405,Person,1287028183706
2199023255581,Person,10995116277919,Person,1289497184530
4398046511232,Person,4398046511334,Person,1276436972836
4398046511232,Person,6597069766709,Person,1279633389058
4398046511232,Person,6597069766776,Person,1282940502712
4398046511232,Person,6597069766795,Person,1281582868963
4398046511232,Person,8796093022349,Person,1286175738380
4398046511232,Person,8796093022453,Person,1285101633774
4398046511232,Person,10995116277892,Person,1289252769822
4398046511232,Person,10995116277993,Person,1288740594567
2199023255714,Person,2199023255743,Person,1271413427957
2199023255714,Person,2199023255768,Person,1271511775537
2199023255714,Person,4398046511148,Person,1277795272049
2199023255714,Person,4398046511240,Person,1278536449564
2199023255714,Person,4398046511328,Person,1274185023001
2199023255714,Person,10995116277859,Person,1290651725649
